rank,moki_name,moki_id,score,class,rarity,stat_strength,stat_speed,stat_defense,stat_dexterity,stat_fortitude,image_url,thumbnail_url,category,page,date_scraped
1,Moki #4234,4234,7720,Center,Legendary,258.00,245.00,270.59,60.94,258.00,&quot;https://5rH8sf3XHWbNEbyj.public.blob.vercel-storage.com/profile/moki_d8d5efb7c0e2ba6548c61479dea43401abc4cd6b71562edb745f69cb4c20c188_300x300.png&quot;,https://5rH8sf3XHWbNEbyj.public.blob.vercel-storage.com/thumbnail/moki_d8d5efb7c0e2ba6548c61479dea43401abc4cd6b71562edb745f69cb4c20c188_64x64.png,Non-Champion,1,2026-02-27 07:58 UTC
2,Moki #6780,6780,7610,Sprinter,Legendary,22.00,422.00,220.00,215.00,21.00,&quot;https://5rH8sf3XHWbNEbyj.public.blob.vercel-storage.com/profile/moki_958403ab9934b43dfb9b99a154e30d8d34f998cde8d5c59a9fa22cf2f8977d47_300x300.png&quot;,https://5rH8sf3XHWbNEbyj.public.blob.vercel-storage.com/thumbnail/moki_958403ab9934b43dfb9b99a154e30d8d34f998cde8d5c59a9fa22cf2f8977d47_64x64.png,Non-Champion,1,2026-02-27 07:58 UTC
3,Moki #5383,5383,7450,Striker,Legendary,12.00,238.69,16.00,429.82,220.00,&quot;https://5rH8sf3XHWbNEbyj.public.blob.vercel-storage.com/profile/moki_39aeba936b0582fb56d79adc33e411bef9c892a7d081a6899f57de0cd9c88e75_300x300.png&quot;,https://5rH8sf3XHWbNEbyj.public.blob.vercel-storage.com/thumbnail/moki_39aeba936b0582fb56d79adc33e411bef9c892a7d081a6899f57de0cd9c88e75_64x64.png,Non-Champion,1,2026-02-27 07:58 UTC
4,Moki #8513,8513,7415,Bruiser,Legendary,424.00,35.00,204.00,23.00,214.00,&quot;https://5rH8sf3XHWbNEbyj.public.blob.vercel-storage.com/profile/moki_804f4a24c1feda0fa10898d0fb7fd2fb3351092093c05a5c9cb79a5b4469f73c_300x300.png&quot;,https://5rH8sf3XHWbNEbyj.public.blob.vercel-storage.com/thumbnail/moki_804f4a24c1feda0fa10898d0fb7fd2fb3351092093c05a5c9cb79a5b4469f73c_64x64.png,Non-Champion,1,2026-02-27 07:58 UTC
5,Moki #5257,5257,7280,Striker,Legendary,50.00,283.00,59.00,549.79,285.57,&quot;https://5rH8sf3XHWbNEbyj.public.blob.vercel-storage.com/profile/moki_9342e82f5aa87c0b74027bcd2057a500318cbac59737398c5275a95beed289b4_300x300.png&quot;,https://5rH8sf3XHWbNEbyj.public.blob.vercel-storage.com/thumbnail/moki_9342e82f5aa87c0b74027bcd2057a500318cbac59737398c5275a95beed289b4_64x64.png,Non-Champion,1,2026-02-27 07:58 UTC
6,Moki #4140,4140,7280,Grinder,Legendary,305.34,148.06,58.33,239.00,440.00,&quot;https://5rH8sf3XHWbNEbyj.public.blob.vercel-storage.com/profile/moki_e50e53938d0c51aaf143ed27db2ae3c7eaf8287a7508dc58548dd2b31e41a97f_300x300.png&quot;,https://5rH8sf3XHWbNEbyj.public.blob.vercel-storage.com/thumbnail/moki_e50e53938d0c51aaf143ed27db2ae3c7eaf8287a7508dc58548dd2b31e41a97f_64x64.png,Non-Champion,1,2026-02-27 07:58 UTC
7,Moki #5158,5158,7220,Grinder,Legendary,299.93,36.12,69.45,242.23,442.81,&quot;https://5rH8sf3XHWbNEbyj.public.blob.vercel-storage.com/profile/moki_9234b3ff544809dc3410468a9c1c56c896a7865212995d039dcc7b65f46db4c7_300x300.png&quot;,https://5rH8sf3XHWbNEbyj.public.blob.vercel-storage.com/thumbnail/moki_9234b3ff544809dc3410468a9c1c56c896a7865212995d039dcc7b65f46db4c7_64x64.png,Non-Champion,1,2026-02-27 07:58 UTC
8,McYolo,209,7190,Bruiser,Legendary,589.63,45.00,291.01,71.00,267.00,&quot;https://5rH8sf3XHWbNEbyj.public.blob.vercel-storage.com/profile/moki_0c84e96710fe01870bbdc2faba552bb11b39902257db8c970574c12409098b98_300x300.png&quot;,https://5rH8sf3XHWbNEbyj.public.blob.vercel-storage.com/thumbnail/moki_0c84e96710fe01870bbdc2faba552bb11b39902257db8c970574c12409098b98_64x64.png,Non-Champion,1,2026-02-27 07:58 UTC
9,Moki #5815,5815,7140,Center,Legendary,247.67,249.00,237.00,27.00,240.00,&quot;https://5rH8sf3XHWbNEbyj.public.blob.vercel-storage.com/profile/moki_1a59fe9aff04ce8a6ab36b1e4a1c48d2f578eff3cbb69ac7e9475751f87d5a10_300x300.png&quot;,https://5rH8sf3XHWbNEbyj.public.blob.vercel-storage.com/thumbnail/moki_1a59fe9aff04ce8a6ab36b1e4a1c48d2f578eff3cbb69ac7e9475751f87d5a10_64x64.png,Non-Champion,1,2026-02-27 07:58 UTC
10,Moki #6839,6839,7040,Defender,Legendary,226.00,311.94,519.05,14.32,38.83,&quot;https://5rH8sf3XHWbNEbyj.public.blob.vercel-storage.com/profile/moki_498c24ccc3213cfc9da5fd704171f25d9bed4901d498256bea55bea36e71c451_300x300.png&quot;,https://5rH8sf3XHWbNEbyj.public.blob.vercel-storage.com/thumbnail/moki_498c24ccc3213cfc9da5fd704171f25d9bed4901d498256bea55bea36e71c451_64x64.png,Non-Champion,1,2026-02-27 07:58 UTC
11,Moki #3503,3503,7010,Anchor,Legendary,362.32,47.74,243.00,235.00,248.00,&quot;https://5rH8sf3XHWbNEbyj.public.blob.vercel-storage.com/profile/moki_326fb41cd1eee0eb18d4d3f75beff702cd0fdfd3cabeca633a013494aac7ca7f_300x300.png&quot;,https://5rH8sf3XHWbNEbyj.public.blob.vercel-storage.com/thumbnail/moki_326fb41cd1eee0eb18d4d3f75beff702cd0fdfd3cabeca633a013494aac7ca7f_64x64.png,Non-Champion,1,2026-02-27 07:58 UTC
12,Moki #907,907,7010,Forward,Legendary,296.38,294.83,29.99,290.48,271.49,&quot;https://5rH8sf3XHWbNEbyj.public.blob.vercel-storage.com/profile/moki_87d3d0eb07342b8cbf74c0515cf1cef9d5ee9e95e582ad78f61446ab7b5f352c_300x300.png&quot;,https://5rH8sf3XHWbNEbyj.public.blob.vercel-storage.com/thumbnail/moki_87d3d0eb07342b8cbf74c0515cf1cef9d5ee9e95e582ad78f61446ab7b5f352c_64x64.png,Non-Champion,1,2026-02-27 07:58 UTC
13,Tsurugi,2766,7000,Grinder,Legendary,311.80,54.59,75.00,265.00,500.00,&quot;https://5rH8sf3XHWbNEbyj.public.blob.vercel-storage.com/profile/moki_c89d39cc42d13d6c644a9b41f39c415848c697abffee33d94601572f98dac9ed_300x300.png&quot;,https://5rH8sf3XHWbNEbyj.public.blob.vercel-storage.com/thumbnail/moki_c89d39cc42d13d6c644a9b41f39c415848c697abffee33d94601572f98dac9ed_64x64.png,Non-Champion,1,2026-02-27 07:58 UTC
14,Moki #8351,8351,6950,Center,Legendary,245.00,238.00,238.00,14.00,265.00,&quot;https://5rH8sf3XHWbNEbyj.public.blob.vercel-storage.com/profile/moki_b7347ab353010cd8d7c9f695d4046f5117c995d917667e0f3d403012d62e8751_300x300.png&quot;,https://5rH8sf3XHWbNEbyj.public.blob.vercel-storage.com/thumbnail/moki_b7347ab353010cd8d7c9f695d4046f5117c995d917667e0f3d403012d62e8751_64x64.png,Non-Champion,1,2026-02-27 07:58 UTC
15,Moki #5328,5328,6920,Striker,Legendary,17.00,235.00,18.00,408.00,222.00,&quot;https://5rH8sf3XHWbNEbyj.public.blob.vercel-storage.com/profile/moki_073d88f98b178d5c965a63cba6a5ee07628e8fe38b820c532e4a3ffd6046b0eb_300x300.png&quot;,https://5rH8sf3XHWbNEbyj.public.blob.vercel-storage.com/thumbnail/moki_073d88f98b178d5c965a63cba6a5ee07628e8fe38b820c532e4a3ffd6046b0eb_64x64.png,Non-Champion,1,2026-02-27 07:58 UTC
16,Grumpy  Maid,7143,6910,Bruiser,Legendary,549.87,22.33,218.00,14.00,218.00,&quot;https://5rH8sf3XHWbNEbyj.public.blob.vercel-storage.com/profile/moki_70dc6001fb7043f8a7bc9f722c627346477d2418d2df40837e3fdf93edc9ab44_300x300.png&quot;,https://5rH8sf3XHWbNEbyj.public.blob.vercel-storage.com/thumbnail/moki_70dc6001fb7043f8a7bc9f722c627346477d2418d2df40837e3fdf93edc9ab44_64x64.png,Non-Champion,1,2026-02-27 07:58 UTC
17,Moki #4048,4048,6910,Sprinter,Legendary,27.00,417.00,226.00,209.00,21.00,&quot;https://5rH8sf3XHWbNEbyj.public.blob.vercel-storage.com/profile/moki_448b11fd561b4d609ed8c4c148a9c9bdeaf39cd988e3cae97cea1f12d8abd006_300x300.png&quot;,https://5rH8sf3XHWbNEbyj.public.blob.vercel-storage.com/thumbnail/moki_448b11fd561b4d609ed8c4c148a9c9bdeaf39cd988e3cae97cea1f12d8abd006_64x64.png,Non-Champion,1,2026-02-27 07:58 UTC
18,Moki #3433,3433,6905,Flanker,Legendary,303.78,282.02,241.00,245.00,20.00,&quot;https://5rH8sf3XHWbNEbyj.public.blob.vercel-storage.com/profile/moki_355a089570f7e79be256ad494fec98df4eb9460ea0e6963b212fd3849500e74b_300x300.png&quot;,https://5rH8sf3XHWbNEbyj.public.blob.vercel-storage.com/thumbnail/moki_355a089570f7e79be256ad494fec98df4eb9460ea0e6963b212fd3849500e74b_64x64.png,Non-Champion,1,2026-02-27 07:58 UTC
19,Moki #3472,3472,6870,Center,Legendary,265.33,237.67,316.66,23.00,246.00,&quot;https://5rH8sf3XHWbNEbyj.public.blob.vercel-storage.com/profile/moki_27cd347d0781d677a70222284aa1e19cd141550582497ec21cb1512917ccd563_300x300.png&quot;,https://5rH8sf3XHWbNEbyj.public.blob.vercel-storage.com/thumbnail/moki_27cd347d0781d677a70222284aa1e19cd141550582497ec21cb1512917ccd563_64x64.png,Non-Champion,1,2026-02-27 07:58 UTC
20,Moki #2251,2251,6850,Support,Legendary,31.28,286.39,255.29,344.92,252.38,&quot;https://5rH8sf3XHWbNEbyj.public.blob.vercel-storage.com/profile/moki_38b97b6bfceece147496e465bde60042cd1cbb9104c432d64c74c90ef3a4b50b_300x300.png&quot;,https://5rH8sf3XHWbNEbyj.public.blob.vercel-storage.com/thumbnail/moki_38b97b6bfceece147496e465bde60042cd1cbb9104c432d64c74c90ef3a4b50b_64x64.png,Non-Champion,1,2026-02-27 07:58 UTC
21,Moki #1741,1741,6825,Sprinter,Legendary,27.00,430.00,219.00,214.00,10.00,&quot;https://5rH8sf3XHWbNEbyj.public.blob.vercel-storage.com/profile/moki_26bdd2e3c93bc7df29abe4e178a14b8462b56d09f18f81c40dedef82651b1759_300x300.png&quot;,https://5rH8sf3XHWbNEbyj.public.blob.vercel-storage.com/thumbnail/moki_26bdd2e3c93bc7df29abe4e178a14b8462b56d09f18f81c40dedef82651b1759_64x64.png,Non-Champion,1,2026-02-27 07:58 UTC
22,Moki #7377,7377,6815,Flanker,Legendary,351.81,248.58,237.00,253.32,105.61,&quot;https://5rH8sf3XHWbNEbyj.public.blob.vercel-storage.com/profile/moki_5312686f57f6260991b87f0b365ce0a8b517701e6cb32e31502834e27991764c_300x300.png&quot;,https://5rH8sf3XHWbNEbyj.public.blob.vercel-storage.com/thumbnail/moki_5312686f57f6260991b87f0b365ce0a8b517701e6cb32e31502834e27991764c_64x64.png,Non-Champion,1,2026-02-27 07:58 UTC
23,Moki #6113,6113,6810,Forward,Legendary,271.18,380.09,16.00,250.00,255.32,&quot;https://5rH8sf3XHWbNEbyj.public.blob.vercel-storage.com/profile/moki_6b5ab9819580dbf356b0232d805bee2ceb5148ea2ff6a69579e4b90e99063287_300x300.png&quot;,https://5rH8sf3XHWbNEbyj.public.blob.vercel-storage.com/thumbnail/moki_6b5ab9819580dbf356b0232d805bee2ceb5148ea2ff6a69579e4b90e99063287_64x64.png,Non-Champion,1,2026-02-27 07:58 UTC
24,Moki #4259,4259,6810,Sprinter,Legendary,10.00,434.00,217.00,221.00,18.00,&quot;https://5rH8sf3XHWbNEbyj.public.blob.vercel-storage.com/profile/moki_87f07e87ac1bf508c6f3e0595dff083c8696e46434572a8f6e1c205ec3e4e20c_300x300.png&quot;,https://5rH8sf3XHWbNEbyj.public.blob.vercel-storage.com/thumbnail/moki_87f07e87ac1bf508c6f3e0595dff083c8696e46434572a8f6e1c205ec3e4e20c_64x64.png,Non-Champion,1,2026-02-27 07:58 UTC
25,Moki #252,252,6800,Grinder,Legendary,225.53,118.86,24.10,279.15,454.25,&quot;https://5rH8sf3XHWbNEbyj.public.blob.vercel-storage.com/profile/moki_f41a71193a26d47469841b637c84450b15c9d70334068261522acb9d7b614c2d_300x300.png&quot;,https://5rH8sf3XHWbNEbyj.public.blob.vercel-storage.com/thumbnail/moki_f41a71193a26d47469841b637c84450b15c9d70334068261522acb9d7b614c2d_64x64.png,Non-Champion,1,2026-02-27 07:58 UTC
26,Moki #2242,2242,6790,Bruiser,Legendary,524.82,25.04,262.12,25.18,231.38,&quot;https://5rH8sf3XHWbNEbyj.public.blob.vercel-storage.com/profile/moki_841bd3a97c74d3fbcdf4672d10444fadebe605688191db7daa5871d4b8c1e50f_300x300.png&quot;,https://5rH8sf3XHWbNEbyj.public.blob.vercel-storage.com/thumbnail/moki_841bd3a97c74d3fbcdf4672d10444fadebe605688191db7daa5871d4b8c1e50f_64x64.png,Non-Champion,1,2026-02-27 07:58 UTC
27,Moki #374,374,6790,Bruiser,Legendary,435.96,21.00,214.00,19.00,222.00,&quot;https://5rH8sf3XHWbNEbyj.public.blob.vercel-storage.com/profile/moki_24cae7c247e369ada6eee23c70064bffd16b1f4dd78aa3b95b270a0ca837496d_300x300.png&quot;,https://5rH8sf3XHWbNEbyj.public.blob.vercel-storage.com/thumbnail/moki_24cae7c247e369ada6eee23c70064bffd16b1f4dd78aa3b95b270a0ca837496d_64x64.png,Non-Champion,1,2026-02-27 07:58 UTC
28,Moki #6632,6632,6785,Forward,Legendary,265.29,260.00,22.00,233.00,242.00,&quot;https://5rH8sf3XHWbNEbyj.public.blob.vercel-storage.com/profile/moki_2a2e7b1db6ec593f20b0721591cdc74d7f6b74aebc7632a0ece4ce67f08cdba2_300x300.png&quot;,https://5rH8sf3XHWbNEbyj.public.blob.vercel-storage.com/thumbnail/moki_2a2e7b1db6ec593f20b0721591cdc74d7f6b74aebc7632a0ece4ce67f08cdba2_64x64.png,Non-Champion,1,2026-02-27 07:58 UTC
29,Moki #3276,3276,6780,Bruiser,Legendary,421.00,35.00,218.00,8.00,218.00,&quot;https://5rH8sf3XHWbNEbyj.public.blob.vercel-storage.com/profile/moki_201fe2a47e28834f50ccf9cd17a63f22d6285433d00d57abe340ca9af2c7ab2d_300x300.png&quot;,https://5rH8sf3XHWbNEbyj.public.blob.vercel-storage.com/thumbnail/moki_201fe2a47e28834f50ccf9cd17a63f22d6285433d00d57abe340ca9af2c7ab2d_64x64.png,Non-Champion,1,2026-02-27 07:58 UTC
30,Moki #4343,4343,6750,Striker,Legendary,3.00,231.64,23.00,563.17,220.00,&quot;https://5rH8sf3XHWbNEbyj.public.blob.vercel-storage.com/profile/moki_5cbb41a504d592da722c86368a867871539ce8bdfde1cb7fa42fe96249236aa3_300x300.png&quot;,https://5rH8sf3XHWbNEbyj.public.blob.vercel-storage.com/thumbnail/moki_5cbb41a504d592da722c86368a867871539ce8bdfde1cb7fa42fe96249236aa3_64x64.png,Non-Champion,1,2026-02-27 07:58 UTC
31,Moki #4879,4879,6745,Grinder,Legendary,237.08,115.73,18.00,299.14,444.71,&quot;https://5rH8sf3XHWbNEbyj.public.blob.vercel-storage.com/profile/moki_8f3a870a82f61c0353d15084f1480bd4c93f9047b150b871015994b32c028924_300x300.png&quot;,https://5rH8sf3XHWbNEbyj.public.blob.vercel-storage.com/thumbnail/moki_8f3a870a82f61c0353d15084f1480bd4c93f9047b150b871015994b32c028924_64x64.png,Non-Champion,1,2026-02-27 07:58 UTC
32,Moki #4035,4035,6745,Grinder,Legendary,236.00,96.53,97.84,231.00,423.00,&quot;https://5rH8sf3XHWbNEbyj.public.blob.vercel-storage.com/profile/moki_e755bbb1a234a5dfdef2d9f644920a637b0e6d56ad1c373779159bbd57f70302_300x300.png&quot;,https://5rH8sf3XHWbNEbyj.public.blob.vercel-storage.com/thumbnail/moki_e755bbb1a234a5dfdef2d9f644920a637b0e6d56ad1c373779159bbd57f70302_64x64.png,Non-Champion,1,2026-02-27 07:58 UTC
33,Moki #5327,5327,6735,Support,Legendary,33.00,315.15,370.82,234.00,244.00,&quot;https://5rH8sf3XHWbNEbyj.public.blob.vercel-storage.com/profile/moki_dd183f879a2632a5aa6b21ce0248bd4109ac850ca15c164722452044b83f2072_300x300.png&quot;,https://5rH8sf3XHWbNEbyj.public.blob.vercel-storage.com/thumbnail/moki_dd183f879a2632a5aa6b21ce0248bd4109ac850ca15c164722452044b83f2072_64x64.png,Non-Champion,1,2026-02-27 07:58 UTC
34,Moki #5531,5531,6730,Anchor,Legendary,236.00,36.00,235.00,247.00,246.00,&quot;https://5rH8sf3XHWbNEbyj.public.blob.vercel-storage.com/profile/moki_6f150796b8a7ae09979d9f18460e72caf514c57044a0bd7a771db1eefec24037_300x300.png&quot;,https://5rH8sf3XHWbNEbyj.public.blob.vercel-storage.com/thumbnail/moki_6f150796b8a7ae09979d9f18460e72caf514c57044a0bd7a771db1eefec24037_64x64.png,Non-Champion,1,2026-02-27 07:58 UTC
35,Tenten,691,6720,Support,Legendary,13.00,336.78,292.23,288.65,279.15,&quot;https://5rH8sf3XHWbNEbyj.public.blob.vercel-storage.com/profile/moki_0149e2149645d4ae9f3ecc187357e611d222e809236ef4929b652687f4a2f6d8_300x300.png&quot;,https://5rH8sf3XHWbNEbyj.public.blob.vercel-storage.com/thumbnail/moki_0149e2149645d4ae9f3ecc187357e611d222e809236ef4929b652687f4a2f6d8_64x64.png,Non-Champion,1,2026-02-27 07:58 UTC
36,Moki #3590,3590,6715,Bruiser,Legendary,531.31,49.00,270.32,55.50,246.62,&quot;https://5rH8sf3XHWbNEbyj.public.blob.vercel-storage.com/profile/moki_d9f3927922bd4f9fab926368c98a47ad235b8cbbf65714692059794a78bef738_300x300.png&quot;,https://5rH8sf3XHWbNEbyj.public.blob.vercel-storage.com/thumbnail/moki_d9f3927922bd4f9fab926368c98a47ad235b8cbbf65714692059794a78bef738_64x64.png,Non-Champion,1,2026-02-27 07:58 UTC
37,Moki #1992,1992,6700,Striker,Legendary,15.00,243.00,11.00,412.00,219.00,&quot;https://5rH8sf3XHWbNEbyj.public.blob.vercel-storage.com/profile/moki_f2a90d283618a3c139cdeee7e39312e10fe7cf296263634376b059a81eb573c4_300x300.png&quot;,https://5rH8sf3XHWbNEbyj.public.blob.vercel-storage.com/thumbnail/moki_f2a90d283618a3c139cdeee7e39312e10fe7cf296263634376b059a81eb573c4_64x64.png,Non-Champion,1,2026-02-27 07:58 UTC
38,Moki #8412,8412,6680,Bruiser,Legendary,434.00,26.00,210.00,6.00,224.00,&quot;https://5rH8sf3XHWbNEbyj.public.blob.vercel-storage.com/profile/moki_66bf6345bee81fbb5c5178d77643dd28cb7c333403b3c64b1dfb153627be8f9d_300x300.png&quot;,https://5rH8sf3XHWbNEbyj.public.blob.vercel-storage.com/thumbnail/moki_66bf6345bee81fbb5c5178d77643dd28cb7c333403b3c64b1dfb153627be8f9d_64x64.png,Non-Champion,1,2026-02-27 07:58 UTC
39,Moki #6689,6689,6680,Striker,Legendary,82.07,270.00,40.00,466.01,385.04,&quot;https://5rH8sf3XHWbNEbyj.public.blob.vercel-storage.com/profile/moki_721e71665aff67fccb809e3b70b2e8a2790d89805a079c94a1564a856a19d7cc_300x300.png&quot;,https://5rH8sf3XHWbNEbyj.public.blob.vercel-storage.com/thumbnail/moki_721e71665aff67fccb809e3b70b2e8a2790d89805a079c94a1564a856a19d7cc_64x64.png,Non-Champion,1,2026-02-27 07:58 UTC
40,Moki #8061,8061,6670,Flanker,Legendary,243.00,245.00,237.00,248.00,27.00,&quot;https://5rH8sf3XHWbNEbyj.public.blob.vercel-storage.com/profile/moki_c87399206d82c3058b714a8fb33e599e8525021b954bab595472a8a78d785f00_300x300.png&quot;,https://5rH8sf3XHWbNEbyj.public.blob.vercel-storage.com/thumbnail/moki_c87399206d82c3058b714a8fb33e599e8525021b954bab595472a8a78d785f00_64x64.png,Non-Champion,1,2026-02-27 07:58 UTC
41,Moki #5052,5052,6655,Support,Legendary,10.00,276.07,257.00,368.72,277.31,&quot;https://5rH8sf3XHWbNEbyj.public.blob.vercel-storage.com/profile/moki_4038f3b0386aeb33d21922c10dc9c8de9413d839bce8e5a6eddd147dec399f66_300x300.png&quot;,https://5rH8sf3XHWbNEbyj.public.blob.vercel-storage.com/thumbnail/moki_4038f3b0386aeb33d21922c10dc9c8de9413d839bce8e5a6eddd147dec399f66_64x64.png,Non-Champion,1,2026-02-27 07:58 UTC
42,Moki #8848,8848,6650,Grinder,Legendary,229.00,13.00,29.00,327.24,424.29,&quot;https://5rH8sf3XHWbNEbyj.public.blob.vercel-storage.com/profile/moki_a5ee010d8fb83519af3f451c83ebeaa4df99f256712065bf19e1e5a85637a0ab_300x300.png&quot;,https://5rH8sf3XHWbNEbyj.public.blob.vercel-storage.com/thumbnail/moki_a5ee010d8fb83519af3f451c83ebeaa4df99f256712065bf19e1e5a85637a0ab_64x64.png,Non-Champion,1,2026-02-27 07:58 UTC
43,Moki #7356,7356,6650,Grinder,Legendary,223.00,15.00,11.00,227.00,424.00,&quot;https://5rH8sf3XHWbNEbyj.public.blob.vercel-storage.com/profile/moki_910b5ca1df9fc56f3cfea29844f8995cee298d32d4536547b6e176d422edc09c_300x300.png&quot;,https://5rH8sf3XHWbNEbyj.public.blob.vercel-storage.com/thumbnail/moki_910b5ca1df9fc56f3cfea29844f8995cee298d32d4536547b6e176d422edc09c_64x64.png,Non-Champion,1,2026-02-27 07:58 UTC
44,Moki #1998,1998,6645,Bruiser,Legendary,543.44,28.33,244.00,30.00,230.00,&quot;https://5rH8sf3XHWbNEbyj.public.blob.vercel-storage.com/profile/moki_bbd52acfb83bad401385d15d4c2c2854fd41063fecb26cb0495dcce7061b7119_300x300.png&quot;,https://5rH8sf3XHWbNEbyj.public.blob.vercel-storage.com/thumbnail/moki_bbd52acfb83bad401385d15d4c2c2854fd41063fecb26cb0495dcce7061b7119_64x64.png,Non-Champion,1,2026-02-27 07:58 UTC
45,Moki #6228,6228,6640,Grinder,Legendary,218.00,22.00,23.00,226.00,411.00,&quot;https://5rH8sf3XHWbNEbyj.public.blob.vercel-storage.com/profile/moki_1ada183995ea0148ffc7d276a9fb0f4ad466c3a0c925740a1d405b81a7f80b58_300x300.png&quot;,https://5rH8sf3XHWbNEbyj.public.blob.vercel-storage.com/thumbnail/moki_1ada183995ea0148ffc7d276a9fb0f4ad466c3a0c925740a1d405b81a7f80b58_64x64.png,Non-Champion,1,2026-02-27 07:58 UTC
46,Moki #2884,2884,6640,Flanker,Legendary,268.50,245.00,248.00,236.00,22.00,&quot;https://5rH8sf3XHWbNEbyj.public.blob.vercel-storage.com/profile/moki_559ab87d683d47fbe53c1cfa3106ea0adf65e42783430c0d5bbbfefd9b31456e_300x300.png&quot;,https://5rH8sf3XHWbNEbyj.public.blob.vercel-storage.com/thumbnail/moki_559ab87d683d47fbe53c1cfa3106ea0adf65e42783430c0d5bbbfefd9b31456e_64x64.png,Non-Champion,1,2026-02-27 07:58 UTC
47,Moki #3271,3271,6635,Forward,Legendary,240.00,245.00,15.00,261.00,239.00,&quot;https://5rH8sf3XHWbNEbyj.public.blob.vercel-storage.com/profile/moki_429da51168cad6e89916d7c783759e993827caed985093f1d076734109206136_300x300.png&quot;,https://5rH8sf3XHWbNEbyj.public.blob.vercel-storage.com/thumbnail/moki_429da51168cad6e89916d7c783759e993827caed985093f1d076734109206136_64x64.png,Non-Champion,1,2026-02-27 07:58 UTC
48,Moki #1854,1854,6630,Bruiser,Legendary,421.00,6.00,204.00,15.00,254.00,&quot;https://5rH8sf3XHWbNEbyj.public.blob.vercel-storage.com/profile/moki_9f9fc3c6527b10870d9dd05197948a4f4e5f1ed3dcec2ac619f752f338ec9cde_300x300.png&quot;,https://5rH8sf3XHWbNEbyj.public.blob.vercel-storage.com/thumbnail/moki_9f9fc3c6527b10870d9dd05197948a4f4e5f1ed3dcec2ac619f752f338ec9cde_64x64.png,Non-Champion,1,2026-02-27 07:58 UTC
49,Moki #7957,7957,6610,Flanker,Legendary,346.45,244.00,250.30,251.53,101.14,&quot;https://5rH8sf3XHWbNEbyj.public.blob.vercel-storage.com/profile/moki_51f8da07cc5c867590bcd8ce9c95fdff5c296e5161491fc46f0b20459b2f7449_300x300.png&quot;,https://5rH8sf3XHWbNEbyj.public.blob.vercel-storage.com/thumbnail/moki_51f8da07cc5c867590bcd8ce9c95fdff5c296e5161491fc46f0b20459b2f7449_64x64.png,Non-Champion,1,2026-02-27 07:58 UTC
50,Moki #1263,1263,6600,Bruiser,Legendary,425.00,34.00,235.00,29.00,227.00,&quot;https://5rH8sf3XHWbNEbyj.public.blob.vercel-storage.com/profile/moki_d1c92e7846de4eb22aaad436a08586c7be0eba5dc0024095225e4492b0cb11e0_300x300.png&quot;,https://5rH8sf3XHWbNEbyj.public.blob.vercel-storage.com/thumbnail/moki_d1c92e7846de4eb22aaad436a08586c7be0eba5dc0024095225e4492b0cb11e0_64x64.png,Non-Champion,1,2026-02-27 07:58 UTC
51,Moki #495,495,6600,Defender,Legendary,220.00,300.38,528.41,19.00,12.00,&quot;https://5rH8sf3XHWbNEbyj.public.blob.vercel-storage.com/profile/moki_cacf825e35a74e7d137a35bdebf1b2cc07e5b0869a4e6e4985685ee6379ba534_300x300.png&quot;,https://5rH8sf3XHWbNEbyj.public.blob.vercel-storage.com/thumbnail/moki_cacf825e35a74e7d137a35bdebf1b2cc07e5b0869a4e6e4985685ee6379ba534_64x64.png,Non-Champion,1,2026-02-27 07:58 UTC
52,Moki #6089,6089,6590,Bruiser,Legendary,451.50,17.97,234.00,30.79,225.10,&quot;https://5rH8sf3XHWbNEbyj.public.blob.vercel-storage.com/profile/moki_257aed065657baf9e2df6ca3df9b8e4409788b8af450b09439bfc68a83f8f652_300x300.png&quot;,https://5rH8sf3XHWbNEbyj.public.blob.vercel-storage.com/thumbnail/moki_257aed065657baf9e2df6ca3df9b8e4409788b8af450b09439bfc68a83f8f652_64x64.png,Non-Champion,1,2026-02-27 07:58 UTC
53,Moki #892,892,6590,Flanker,Legendary,266.00,271.00,264.00,267.00,32.00,&quot;https://5rH8sf3XHWbNEbyj.public.blob.vercel-storage.com/profile/moki_137c4fe7e5685649945ed83991bb6e4731e30b8e97d16436e8f06dcb8a9abfa3_300x300.png&quot;,https://5rH8sf3XHWbNEbyj.public.blob.vercel-storage.com/thumbnail/moki_137c4fe7e5685649945ed83991bb6e4731e30b8e97d16436e8f06dcb8a9abfa3_64x64.png,Non-Champion,1,2026-02-27 07:58 UTC
54,Moki #8692,8692,6585,Sprinter,Legendary,13.00,419.00,236.00,223.00,9.00,&quot;https://5rH8sf3XHWbNEbyj.public.blob.vercel-storage.com/profile/moki_b44465165e931ef2fac97077f9616cca07a4a55aac91415c7d0585a3807d9e98_300x300.png&quot;,https://5rH8sf3XHWbNEbyj.public.blob.vercel-storage.com/thumbnail/moki_b44465165e931ef2fac97077f9616cca07a4a55aac91415c7d0585a3807d9e98_64x64.png,Non-Champion,1,2026-02-27 07:58 UTC
55,Moki #8702,8702,6580,Grinder,Legendary,218.00,38.00,12.00,215.00,417.00,&quot;https://5rH8sf3XHWbNEbyj.public.blob.vercel-storage.com/profile/moki_cc6d217795d14a5cdc52a8dfe5cf39e335c22bf1b75af1200bed70e8ba96b84d_300x300.png&quot;,https://5rH8sf3XHWbNEbyj.public.blob.vercel-storage.com/thumbnail/moki_cc6d217795d14a5cdc52a8dfe5cf39e335c22bf1b75af1200bed70e8ba96b84d_64x64.png,Non-Champion,1,2026-02-27 07:58 UTC
56,Moki #1400,1400,6575,Flanker,Legendary,323.32,284.63,302.87,270.79,64.73,&quot;https://5rH8sf3XHWbNEbyj.public.blob.vercel-storage.com/profile/moki_f0f44373258f6af9dc62386f25f90a2abfffd6155ff7c04e032b1e53006ff1df_300x300.png&quot;,https://5rH8sf3XHWbNEbyj.public.blob.vercel-storage.com/thumbnail/moki_f0f44373258f6af9dc62386f25f90a2abfffd6155ff7c04e032b1e53006ff1df_64x64.png,Non-Champion,1,2026-02-27 07:58 UTC
57,Moki #140,140,6565,Forward,Legendary,238.00,251.00,9.00,254.00,248.00,&quot;https://5rH8sf3XHWbNEbyj.public.blob.vercel-storage.com/profile/moki_d0acc733057db0b736527925aa4bc1d2e36696f62a1f91d4f41d96b1e48f1f93_300x300.png&quot;,https://5rH8sf3XHWbNEbyj.public.blob.vercel-storage.com/thumbnail/moki_d0acc733057db0b736527925aa4bc1d2e36696f62a1f91d4f41d96b1e48f1f93_64x64.png,Non-Champion,1,2026-02-27 07:58 UTC
58,Moki #4635,4635,6560,Bruiser,Legendary,424.00,26.00,219.00,8.00,223.00,&quot;https://5rH8sf3XHWbNEbyj.public.blob.vercel-storage.com/profile/moki_63505dad1d9f6394515f0bb3d6af9e4d273207d07807a5169f812c043844f708_300x300.png&quot;,https://5rH8sf3XHWbNEbyj.public.blob.vercel-storage.com/thumbnail/moki_63505dad1d9f6394515f0bb3d6af9e4d273207d07807a5169f812c043844f708_64x64.png,Non-Champion,1,2026-02-27 07:58 UTC
59,Vanguard of ROC,87,6515,Defender,Legendary,222.00,291.47,428.91,20.00,19.00,&quot;https://5rH8sf3XHWbNEbyj.public.blob.vercel-storage.com/profile/moki_c6dea1daf3ec99a319958ff51ce00ab318dbfee5e25a505103937ac91f186f6f_300x300.png&quot;,https://5rH8sf3XHWbNEbyj.public.blob.vercel-storage.com/thumbnail/moki_c6dea1daf3ec99a319958ff51ce00ab318dbfee5e25a505103937ac91f186f6f_64x64.png,Non-Champion,1,2026-02-27 07:58 UTC
60,Moki #5693,5693,6510,Center,Legendary,330.00,330.00,330.00,30.00,329.75,&quot;https://5rH8sf3XHWbNEbyj.public.blob.vercel-storage.com/profile/moki_5cc1418e9d0932a17359571e4836ceaafe85b24fce809ee7455b91ee5b5b4e8a_300x300.png&quot;,https://5rH8sf3XHWbNEbyj.public.blob.vercel-storage.com/thumbnail/moki_5cc1418e9d0932a17359571e4836ceaafe85b24fce809ee7455b91ee5b5b4e8a_64x64.png,Non-Champion,1,2026-02-27 07:58 UTC
61,Moki #3040,3040,6510,Flanker,Legendary,245.00,321.75,303.98,279.80,20.25,&quot;https://5rH8sf3XHWbNEbyj.public.blob.vercel-storage.com/profile/moki_5fd303f29d1ad780973e5fff9fbb5e7a372f69d0aa05e2205c8f11882710769b_300x300.png&quot;,https://5rH8sf3XHWbNEbyj.public.blob.vercel-storage.com/thumbnail/moki_5fd303f29d1ad780973e5fff9fbb5e7a372f69d0aa05e2205c8f11882710769b_64x64.png,Non-Champion,1,2026-02-27 07:58 UTC
62,Moki #6909,6909,6505,Flanker,Legendary,262.41,243.33,229.00,250.33,30.00,&quot;https://5rH8sf3XHWbNEbyj.public.blob.vercel-storage.com/profile/moki_0ad716b5403d62de9ab6e3111d41e2190230bdf867c1ae5cfbe0a9620436518a_300x300.png&quot;,https://5rH8sf3XHWbNEbyj.public.blob.vercel-storage.com/thumbnail/moki_0ad716b5403d62de9ab6e3111d41e2190230bdf867c1ae5cfbe0a9620436518a_64x64.png,Non-Champion,1,2026-02-27 07:58 UTC
63,Moki #5892,5892,6495,Forward,Legendary,330.48,331.29,30.00,342.82,316.19,&quot;https://5rH8sf3XHWbNEbyj.public.blob.vercel-storage.com/profile/moki_6357d94dbc2d6fe0db4667e1f52a0b65bd6f83b9b8db0b8ca183c5299152c045_300x300.png&quot;,https://5rH8sf3XHWbNEbyj.public.blob.vercel-storage.com/thumbnail/moki_6357d94dbc2d6fe0db4667e1f52a0b65bd6f83b9b8db0b8ca183c5299152c045_64x64.png,Non-Champion,1,2026-02-27 07:58 UTC
64,Moki #7389,7389,6480,Forward,Legendary,356.81,323.12,39.30,253.81,261.00,&quot;https://5rH8sf3XHWbNEbyj.public.blob.vercel-storage.com/profile/moki_8e8cd33d5f038c3e476e452d745aaaa3447d348a7864ae4dbe790d60d9d12cb1_300x300.png&quot;,https://5rH8sf3XHWbNEbyj.public.blob.vercel-storage.com/thumbnail/moki_8e8cd33d5f038c3e476e452d745aaaa3447d348a7864ae4dbe790d60d9d12cb1_64x64.png,Non-Champion,1,2026-02-27 07:58 UTC
65,Moki #6461,6461,6480,Flanker,Legendary,313.30,286.33,368.50,290.00,35.39,&quot;https://5rH8sf3XHWbNEbyj.public.blob.vercel-storage.com/profile/moki_74f535a9204c7f4fa35d6ba023789fc4e814687b115a6dd2c28a5814c2d3377d_300x300.png&quot;,https://5rH8sf3XHWbNEbyj.public.blob.vercel-storage.com/thumbnail/moki_74f535a9204c7f4fa35d6ba023789fc4e814687b115a6dd2c28a5814c2d3377d_64x64.png,Non-Champion,1,2026-02-27 07:58 UTC
66,Moki #7611,7611,6470,Grinder,Legendary,341.53,53.00,38.00,230.00,428.00,&quot;https://5rH8sf3XHWbNEbyj.public.blob.vercel-storage.com/profile/moki_e3fd06340be0eb9f4d3cff4ff12093be3b7cf41c35c10818ae98b4f22aa180a0_300x300.png&quot;,https://5rH8sf3XHWbNEbyj.public.blob.vercel-storage.com/thumbnail/moki_e3fd06340be0eb9f4d3cff4ff12093be3b7cf41c35c10818ae98b4f22aa180a0_64x64.png,Non-Champion,1,2026-02-27 07:58 UTC
67,Moki #742,742,6470,Grinder,Legendary,216.98,24.91,19.00,298.23,541.71,&quot;https://5rH8sf3XHWbNEbyj.public.blob.vercel-storage.com/profile/moki_f08e1d0b31ded7676fa37840adea3b38fe90cb5883b905bb3650023cf4f3f0a5_300x300.png&quot;,https://5rH8sf3XHWbNEbyj.public.blob.vercel-storage.com/thumbnail/moki_f08e1d0b31ded7676fa37840adea3b38fe90cb5883b905bb3650023cf4f3f0a5_64x64.png,Non-Champion,1,2026-02-27 07:58 UTC
68,Moki #3147,3147,6460,Flanker,Legendary,242.00,241.00,247.00,240.00,30.00,&quot;https://5rH8sf3XHWbNEbyj.public.blob.vercel-storage.com/profile/moki_f8435eea156795191ad42cde6f776c55640e35d4e1b1ccce2ff07fed16ebae07_300x300.png&quot;,https://5rH8sf3XHWbNEbyj.public.blob.vercel-storage.com/thumbnail/moki_f8435eea156795191ad42cde6f776c55640e35d4e1b1ccce2ff07fed16ebae07_64x64.png,Non-Champion,1,2026-02-27 07:58 UTC
69,Moki #7062,7062,6450,Striker,Legendary,29.00,254.75,29.00,443.98,314.02,&quot;https://5rH8sf3XHWbNEbyj.public.blob.vercel-storage.com/profile/moki_b3a8b3adb45fb8d85fb8990d47b3bcab1e42322f26ab7df8fd6de0f8f35e4fa1_300x300.png&quot;,https://5rH8sf3XHWbNEbyj.public.blob.vercel-storage.com/thumbnail/moki_b3a8b3adb45fb8d85fb8990d47b3bcab1e42322f26ab7df8fd6de0f8f35e4fa1_64x64.png,Non-Champion,1,2026-02-27 07:58 UTC
70,Moki #4356,4356,6450,Striker,Legendary,43.00,281.43,20.00,484.63,281.31,&quot;https://5rH8sf3XHWbNEbyj.public.blob.vercel-storage.com/profile/moki_4be19f6cbac39da633fb82f0219fe55e557bbbe9a92aa131f49c9d1c0ce81cc9_300x300.png&quot;,https://5rH8sf3XHWbNEbyj.public.blob.vercel-storage.com/thumbnail/moki_4be19f6cbac39da633fb82f0219fe55e557bbbe9a92aa131f49c9d1c0ce81cc9_64x64.png,Non-Champion,1,2026-02-27 07:58 UTC
71,Moki #4029,4029,6450,Striker,Legendary,6.00,265.13,35.00,500.81,233.95,&quot;https://5rH8sf3XHWbNEbyj.public.blob.vercel-storage.com/profile/moki_98d9a71f8909eef84a0dd67e3f0646a87e90ace592e7516315db6feac9099f5a_300x300.png&quot;,https://5rH8sf3XHWbNEbyj.public.blob.vercel-storage.com/thumbnail/moki_98d9a71f8909eef84a0dd67e3f0646a87e90ace592e7516315db6feac9099f5a_64x64.png,Non-Champion,1,2026-02-27 07:58 UTC
72,Moki #3150,3150,6450,Forward,Legendary,257.33,375.16,26.50,261.00,257.28,&quot;https://5rH8sf3XHWbNEbyj.public.blob.vercel-storage.com/profile/moki_00f9759e971951c1c0a30978cff8cec231fda667e8c853307f3c769f9e132c4e_300x300.png&quot;,https://5rH8sf3XHWbNEbyj.public.blob.vercel-storage.com/thumbnail/moki_00f9759e971951c1c0a30978cff8cec231fda667e8c853307f3c769f9e132c4e_64x64.png,Non-Champion,1,2026-02-27 07:58 UTC
73,Moki #6924,6924,6445,Support,Legendary,29.00,254.00,259.00,251.00,257.00,&quot;https://5rH8sf3XHWbNEbyj.public.blob.vercel-storage.com/profile/moki_5fb94a8af884df9b92e9c92cbc79cfd91fcbef48908c7e520b79894bbd6384d5_300x300.png&quot;,https://5rH8sf3XHWbNEbyj.public.blob.vercel-storage.com/thumbnail/moki_5fb94a8af884df9b92e9c92cbc79cfd91fcbef48908c7e520b79894bbd6384d5_64x64.png,Non-Champion,1,2026-02-27 07:58 UTC
74,Moki #6352,6352,6445,Center,Legendary,237.00,241.00,258.00,19.00,245.00,&quot;https://5rH8sf3XHWbNEbyj.public.blob.vercel-storage.com/profile/moki_d4498181c8523e966c6a6d5bf5f4099492aed88dcb4254b54504b6fdc71bf320_300x300.png&quot;,https://5rH8sf3XHWbNEbyj.public.blob.vercel-storage.com/thumbnail/moki_d4498181c8523e966c6a6d5bf5f4099492aed88dcb4254b54504b6fdc71bf320_64x64.png,Non-Champion,1,2026-02-27 07:58 UTC
75,Heracross,6661,6440,Grinder,Legendary,208.00,103.62,21.00,222.67,431.00,&quot;https://5rH8sf3XHWbNEbyj.public.blob.vercel-storage.com/profile/moki_a746067f6f54cc87e3eee3dccb3166a233a94ba9b81edadf100981b055a3f85b_300x300.png&quot;,https://5rH8sf3XHWbNEbyj.public.blob.vercel-storage.com/thumbnail/moki_a746067f6f54cc87e3eee3dccb3166a233a94ba9b81edadf100981b055a3f85b_64x64.png,Non-Champion,1,2026-02-27 07:58 UTC
76,Moki #4164,4164,6440,Forward,Legendary,266.21,310.44,29.00,334.43,287.17,&quot;https://5rH8sf3XHWbNEbyj.public.blob.vercel-storage.com/profile/moki_e32395e2098076653afaa71a349f8fd0c5749eaefbb6afad8d4fa38d88fdd95d_300x300.png&quot;,https://5rH8sf3XHWbNEbyj.public.blob.vercel-storage.com/thumbnail/moki_e32395e2098076653afaa71a349f8fd0c5749eaefbb6afad8d4fa38d88fdd95d_64x64.png,Non-Champion,1,2026-02-27 07:58 UTC
77,Moki #2120,2120,6435,Flanker,Legendary,330.03,305.82,239.00,243.00,20.00,&quot;https://5rH8sf3XHWbNEbyj.public.blob.vercel-storage.com/profile/moki_fc5d4522d21bcafd36fbbe8800bf04c5c61cc93f2128823d409d655f07e37588_300x300.png&quot;,https://5rH8sf3XHWbNEbyj.public.blob.vercel-storage.com/thumbnail/moki_fc5d4522d21bcafd36fbbe8800bf04c5c61cc93f2128823d409d655f07e37588_64x64.png,Non-Champion,1,2026-02-27 07:58 UTC
78,Moki #5520,5520,6430,Defender,Legendary,228.00,276.84,493.91,21.00,23.00,&quot;https://5rH8sf3XHWbNEbyj.public.blob.vercel-storage.com/profile/moki_79e76882107b8eb5680d4aa3677a7799b14440a2b9a742446e44598ad1f2b504_300x300.png&quot;,https://5rH8sf3XHWbNEbyj.public.blob.vercel-storage.com/thumbnail/moki_79e76882107b8eb5680d4aa3677a7799b14440a2b9a742446e44598ad1f2b504_64x64.png,Non-Champion,1,2026-02-27 07:58 UTC
79,Moki #4909,4909,6430,Bruiser,Legendary,424.00,24.00,220.00,9.00,223.00,&quot;https://5rH8sf3XHWbNEbyj.public.blob.vercel-storage.com/profile/moki_b20e269a11614067435bd699295ac6cef78d5a49b10454c20a545a23fb1c3f48_300x300.png&quot;,https://5rH8sf3XHWbNEbyj.public.blob.vercel-storage.com/thumbnail/moki_b20e269a11614067435bd699295ac6cef78d5a49b10454c20a545a23fb1c3f48_64x64.png,Non-Champion,1,2026-02-27 07:58 UTC
80,Moki #4347,4347,6430,Bruiser,Legendary,506.26,24.00,245.54,30.05,224.49,&quot;https://5rH8sf3XHWbNEbyj.public.blob.vercel-storage.com/profile/moki_2a4806baef95ff5881fb07f31928a4fcf3b27bf333f2a9a7efcf5d9ce475ada8_300x300.png&quot;,https://5rH8sf3XHWbNEbyj.public.blob.vercel-storage.com/thumbnail/moki_2a4806baef95ff5881fb07f31928a4fcf3b27bf333f2a9a7efcf5d9ce475ada8_64x64.png,Non-Champion,1,2026-02-27 07:58 UTC
81,Moki #1059,1059,6430,Flanker,Legendary,268.00,243.00,257.00,258.00,24.00,&quot;https://5rH8sf3XHWbNEbyj.public.blob.vercel-storage.com/profile/moki_1f380a5f0e40cfe57f0a200751cf0dfebf54e360944774a9f5e95d96bcb0f3e0_300x300.png&quot;,https://5rH8sf3XHWbNEbyj.public.blob.vercel-storage.com/thumbnail/moki_1f380a5f0e40cfe57f0a200751cf0dfebf54e360944774a9f5e95d96bcb0f3e0_64x64.png,Non-Champion,1,2026-02-27 07:58 UTC
82,Moki #81,81,6425,Forward,Legendary,316.27,280.06,30.33,266.31,270.03,&quot;https://5rH8sf3XHWbNEbyj.public.blob.vercel-storage.com/profile/moki_68b6ed78e47e1b73268a08a7ac8da52e8dfb24a7018d5b3b6e4cfb4db8f9c54c_300x300.png&quot;,https://5rH8sf3XHWbNEbyj.public.blob.vercel-storage.com/thumbnail/moki_68b6ed78e47e1b73268a08a7ac8da52e8dfb24a7018d5b3b6e4cfb4db8f9c54c_64x64.png,Non-Champion,1,2026-02-27 07:58 UTC
83,Moki #5493,5493,6420,Sprinter,Legendary,17.00,428.00,215.00,224.00,16.00,&quot;https://5rH8sf3XHWbNEbyj.public.blob.vercel-storage.com/profile/moki_5d2c80d2e2840908f12f66349806d817fd64f186d44fe39cbcab03b8ecf28682_300x300.png&quot;,https://5rH8sf3XHWbNEbyj.public.blob.vercel-storage.com/thumbnail/moki_5d2c80d2e2840908f12f66349806d817fd64f186d44fe39cbcab03b8ecf28682_64x64.png,Non-Champion,1,2026-02-27 07:58 UTC
84,Moki #8085,8085,6410,Grinder,Legendary,271.16,135.93,12.00,214.00,433.00,&quot;https://5rH8sf3XHWbNEbyj.public.blob.vercel-storage.com/profile/moki_7076178d330dabcd1792be1e864f47211cb810c6613e25c00fc345ccedfb0e52_300x300.png&quot;,https://5rH8sf3XHWbNEbyj.public.blob.vercel-storage.com/thumbnail/moki_7076178d330dabcd1792be1e864f47211cb810c6613e25c00fc345ccedfb0e52_64x64.png,Non-Champion,1,2026-02-27 07:58 UTC
85,Moki #7258,7258,6410,Forward,Legendary,323.20,320.83,17.00,256.00,254.00,&quot;https://5rH8sf3XHWbNEbyj.public.blob.vercel-storage.com/profile/moki_333ffe2734d1bb9c4f6ba649b19751ebd7da96cce8710e1909891f59df08c580_300x300.png&quot;,https://5rH8sf3XHWbNEbyj.public.blob.vercel-storage.com/thumbnail/moki_333ffe2734d1bb9c4f6ba649b19751ebd7da96cce8710e1909891f59df08c580_64x64.png,Non-Champion,1,2026-02-27 07:58 UTC
86,Moki #4781,4781,6410,Striker,Legendary,14.00,326.59,10.00,494.27,254.00,&quot;https://5rH8sf3XHWbNEbyj.public.blob.vercel-storage.com/profile/moki_5ed068d2f9f7dcf79aa3acf80eb6fc4157ca1835cd6d4e20f11e825bb5b36e98_300x300.png&quot;,https://5rH8sf3XHWbNEbyj.public.blob.vercel-storage.com/thumbnail/moki_5ed068d2f9f7dcf79aa3acf80eb6fc4157ca1835cd6d4e20f11e825bb5b36e98_64x64.png,Non-Champion,1,2026-02-27 07:58 UTC
87,Moki #1718,1718,6410,Flanker,Legendary,310.26,329.24,243.00,265.73,23.62,&quot;https://5rH8sf3XHWbNEbyj.public.blob.vercel-storage.com/profile/moki_7d6c97b45e6e3e968b2250f5e3f57f3a5fcbe5d9b5b39e23b467b5ed9f22b7fa_300x300.png&quot;,https://5rH8sf3XHWbNEbyj.public.blob.vercel-storage.com/thumbnail/moki_7d6c97b45e6e3e968b2250f5e3f57f3a5fcbe5d9b5b39e23b467b5ed9f22b7fa_64x64.png,Non-Champion,1,2026-02-27 07:58 UTC
88,Moki #8821,8821,6395,Sprinter,Legendary,65.98,468.90,290.03,212.00,27.00,&quot;https://5rH8sf3XHWbNEbyj.public.blob.vercel-storage.com/profile/moki_b6a83973ed653ff6d008779793e094dc07c8ef2f66af3dcbcdae8102ab512892_300x300.png&quot;,https://5rH8sf3XHWbNEbyj.public.blob.vercel-storage.com/thumbnail/moki_b6a83973ed653ff6d008779793e094dc07c8ef2f66af3dcbcdae8102ab512892_64x64.png,Non-Champion,1,2026-02-27 07:58 UTC
89,Joy,6601,6395,Support,Legendary,53.85,331.30,291.59,313.49,304.37,&quot;https://5rH8sf3XHWbNEbyj.public.blob.vercel-storage.com/profile/moki_a77611f5ff86adec82ce73c3674f0f1c5d4011e9f0c7a17619d95389d2bd6d01_300x300.png&quot;,https://5rH8sf3XHWbNEbyj.public.blob.vercel-storage.com/thumbnail/moki_a77611f5ff86adec82ce73c3674f0f1c5d4011e9f0c7a17619d95389d2bd6d01_64x64.png,Non-Champion,1,2026-02-27 07:58 UTC
90,Moki #2078,2078,6395,Center,Legendary,234.00,235.00,240.00,21.00,270.00,&quot;https://5rH8sf3XHWbNEbyj.public.blob.vercel-storage.com/profile/moki_ce3627df12f2f861086be3e9a64f5c5e043ecd098a85856845e2d775839482ea_300x300.png&quot;,https://5rH8sf3XHWbNEbyj.public.blob.vercel-storage.com/thumbnail/moki_ce3627df12f2f861086be3e9a64f5c5e043ecd098a85856845e2d775839482ea_64x64.png,Non-Champion,1,2026-02-27 07:58 UTC
91,Moki #8393,8393,6390,Grinder,Legendary,216.00,32.00,20.00,212.00,420.00,&quot;https://5rH8sf3XHWbNEbyj.public.blob.vercel-storage.com/profile/moki_222812d5756d2531f1bfa6d3a01be39dd115082a0a0eb03f05c68d96e56b6c2d_300x300.png&quot;,https://5rH8sf3XHWbNEbyj.public.blob.vercel-storage.com/thumbnail/moki_222812d5756d2531f1bfa6d3a01be39dd115082a0a0eb03f05c68d96e56b6c2d_64x64.png,Non-Champion,1,2026-02-27 07:58 UTC
92,Moki #2204,2204,6385,Center,Legendary,240.00,321.51,311.99,25.00,239.00,&quot;https://5rH8sf3XHWbNEbyj.public.blob.vercel-storage.com/profile/moki_aab17364a738e05c1bacaf91ee983ea97f2bbc9151b5ca61fbe9c5655dd0d0c4_300x300.png&quot;,https://5rH8sf3XHWbNEbyj.public.blob.vercel-storage.com/thumbnail/moki_aab17364a738e05c1bacaf91ee983ea97f2bbc9151b5ca61fbe9c5655dd0d0c4_64x64.png,Non-Champion,1,2026-02-27 07:58 UTC
93,Moki #541,541,6385,Support,Legendary,23.00,247.00,241.00,243.00,248.00,&quot;https://5rH8sf3XHWbNEbyj.public.blob.vercel-storage.com/profile/moki_7297a304d35455a2389b609e0046dcee560af06acb0c21f85373964e5cb017b3_300x300.png&quot;,https://5rH8sf3XHWbNEbyj.public.blob.vercel-storage.com/thumbnail/moki_7297a304d35455a2389b609e0046dcee560af06acb0c21f85373964e5cb017b3_64x64.png,Non-Champion,1,2026-02-27 07:58 UTC
94,Moki #4875,4875,6380,Center,Legendary,247.27,403.66,247.00,20.00,246.00,&quot;https://5rH8sf3XHWbNEbyj.public.blob.vercel-storage.com/profile/moki_19298422d42ee974f1a4998701ed2efe95067a2829b3bbbbe5e1a3015112a8b5_300x300.png&quot;,https://5rH8sf3XHWbNEbyj.public.blob.vercel-storage.com/thumbnail/moki_19298422d42ee974f1a4998701ed2efe95067a2829b3bbbbe5e1a3015112a8b5_64x64.png,Non-Champion,1,2026-02-27 07:58 UTC
95,Moki #3162,3162,6380,Anchor,Legendary,244.00,13.00,247.00,246.00,250.00,&quot;https://5rH8sf3XHWbNEbyj.public.blob.vercel-storage.com/profile/moki_c9bc409d158edea5eac71b8bece1e523c5dc98658a282df1812becfb6fac00da_300x300.png&quot;,https://5rH8sf3XHWbNEbyj.public.blob.vercel-storage.com/thumbnail/moki_c9bc409d158edea5eac71b8bece1e523c5dc98658a282df1812becfb6fac00da_64x64.png,Non-Champion,1,2026-02-27 07:58 UTC
96,Moki #1926,1926,6380,Bruiser,Legendary,427.33,40.47,350.26,15.00,224.60,&quot;https://5rH8sf3XHWbNEbyj.public.blob.vercel-storage.com/profile/moki_6d1b2657696b04fbc44bc02fdf3a591d124a5dd44d282cf96235389e8c4ca403_300x300.png&quot;,https://5rH8sf3XHWbNEbyj.public.blob.vercel-storage.com/thumbnail/moki_6d1b2657696b04fbc44bc02fdf3a591d124a5dd44d282cf96235389e8c4ca403_64x64.png,Non-Champion,1,2026-02-27 07:58 UTC
97,Moki #1078,1078,6380,Grinder,Legendary,220.13,45.62,14.56,293.88,432.00,&quot;https://5rH8sf3XHWbNEbyj.public.blob.vercel-storage.com/profile/moki_b5dd62755f5b3f2e2cd39e8c0cdef15f736a8e40aa50b5e824107eb80a780c6d_300x300.png&quot;,https://5rH8sf3XHWbNEbyj.public.blob.vercel-storage.com/thumbnail/moki_b5dd62755f5b3f2e2cd39e8c0cdef15f736a8e40aa50b5e824107eb80a780c6d_64x64.png,Non-Champion,1,2026-02-27 07:58 UTC
98,Ryu,7977,6370,Bruiser,Legendary,424.00,69.15,284.41,43.86,262.22,&quot;https://5rH8sf3XHWbNEbyj.public.blob.vercel-storage.com/profile/moki_f56ad81086c21a5dc61e71f489fa76a3d3ac55a3ab535bc7082cb70abd3bada1_300x300.png&quot;,https://5rH8sf3XHWbNEbyj.public.blob.vercel-storage.com/thumbnail/moki_f56ad81086c21a5dc61e71f489fa76a3d3ac55a3ab535bc7082cb70abd3bada1_64x64.png,Non-Champion,1,2026-02-27 07:58 UTC
99,Snooze,2732,6370,Bruiser,Legendary,538.15,18.33,272.58,38.00,249.12,&quot;https://5rH8sf3XHWbNEbyj.public.blob.vercel-storage.com/profile/moki_d7fa51e1a192a3e0e5f6d637163dd8c8b711519e854ab347a6fcd638cb51ab66_300x300.png&quot;,https://5rH8sf3XHWbNEbyj.public.blob.vercel-storage.com/thumbnail/moki_d7fa51e1a192a3e0e5f6d637163dd8c8b711519e854ab347a6fcd638cb51ab66_64x64.png,Non-Champion,1,2026-02-27 07:58 UTC
100,Moki #835,835,6370,Grinder,Legendary,229.34,103.95,42.71,287.53,431.31,&quot;https://5rH8sf3XHWbNEbyj.public.blob.vercel-storage.com/profile/moki_51d65f4db77c7e67ed9efa11aa23c8eaaa03dd547504c244d9e55d4af032f2c8_300x300.png&quot;,https://5rH8sf3XHWbNEbyj.public.blob.vercel-storage.com/thumbnail/moki_51d65f4db77c7e67ed9efa11aa23c8eaaa03dd547504c244d9e55d4af032f2c8_64x64.png,Non-Champion,1,2026-02-27 07:58 UTC
101,Moki #5681,5681,6365,Flanker,Legendary,265.89,381.86,240.00,259.30,21.00,&quot;https://5rH8sf3XHWbNEbyj.public.blob.vercel-storage.com/profile/moki_ef54b14d78a3c6c665de22a2dbcf3f9c079668747669e1b1206d286eb29db6d8_300x300.png&quot;,https://5rH8sf3XHWbNEbyj.public.blob.vercel-storage.com/thumbnail/moki_ef54b14d78a3c6c665de22a2dbcf3f9c079668747669e1b1206d286eb29db6d8_64x64.png,Non-Champion,2,2026-02-27 07:58 UTC
102,Moki #1383,1383,6360,Support,Legendary,16.00,278.52,259.29,259.86,256.29,&quot;https://5rH8sf3XHWbNEbyj.public.blob.vercel-storage.com/profile/moki_c07d4c841ed6a9f38a17ecb5f5cf82e9bf91bced96122e7e885f2dff807ea4f2_300x300.png&quot;,https://5rH8sf3XHWbNEbyj.public.blob.vercel-storage.com/thumbnail/moki_c07d4c841ed6a9f38a17ecb5f5cf82e9bf91bced96122e7e885f2dff807ea4f2_64x64.png,Non-Champion,2,2026-02-27 07:58 UTC
103,Moki #46,46,6355,Center,Legendary,252.00,307.63,235.00,30.00,241.00,&quot;https://5rH8sf3XHWbNEbyj.public.blob.vercel-storage.com/profile/moki_d22bb34f023f164236eb0739e8c2196076286dabe4d46dfafe5b7d4d6163b664_300x300.png&quot;,https://5rH8sf3XHWbNEbyj.public.blob.vercel-storage.com/thumbnail/moki_d22bb34f023f164236eb0739e8c2196076286dabe4d46dfafe5b7d4d6163b664_64x64.png,Non-Champion,2,2026-02-27 07:58 UTC
104,Moki #4113,4113,6350,Center,Legendary,235.00,395.76,235.00,21.00,267.00,&quot;https://5rH8sf3XHWbNEbyj.public.blob.vercel-storage.com/profile/moki_1ae6a7b8ac702584f5d30c1a7d516b7738c6710203aaf2a94ae1a0b63e69b748_300x300.png&quot;,https://5rH8sf3XHWbNEbyj.public.blob.vercel-storage.com/thumbnail/moki_1ae6a7b8ac702584f5d30c1a7d516b7738c6710203aaf2a94ae1a0b63e69b748_64x64.png,Non-Champion,2,2026-02-27 07:58 UTC
105,Moki #2424,2424,6350,Bruiser,Legendary,422.00,19.00,225.00,6.00,228.00,&quot;https://5rH8sf3XHWbNEbyj.public.blob.vercel-storage.com/profile/moki_e8411f8260a0c17866e888f811c628903dfaabc98f06c483650563d1de690f52_300x300.png&quot;,https://5rH8sf3XHWbNEbyj.public.blob.vercel-storage.com/thumbnail/moki_e8411f8260a0c17866e888f811c628903dfaabc98f06c483650563d1de690f52_64x64.png,Non-Champion,2,2026-02-27 07:58 UTC
106,Moki #6162,6162,6345,Sprinter,Legendary,22.00,552.14,240.00,235.00,25.00,&quot;https://5rH8sf3XHWbNEbyj.public.blob.vercel-storage.com/profile/moki_7161edcee79aeada1fd9e98c79a10274abe9ceba7d5fafe36d9f7fcf0b289c15_300x300.png&quot;,https://5rH8sf3XHWbNEbyj.public.blob.vercel-storage.com/thumbnail/moki_7161edcee79aeada1fd9e98c79a10274abe9ceba7d5fafe36d9f7fcf0b289c15_64x64.png,Non-Champion,2,2026-02-27 07:58 UTC
107,gold can addict,1146,6345,Center,Legendary,306.17,328.12,296.37,25.00,263.46,&quot;https://5rH8sf3XHWbNEbyj.public.blob.vercel-storage.com/profile/moki_0787707cca708956d1d93e871ad1c892a6017b31c6f4860f980eafc933b91b79_300x300.png&quot;,https://5rH8sf3XHWbNEbyj.public.blob.vercel-storage.com/thumbnail/moki_0787707cca708956d1d93e871ad1c892a6017b31c6f4860f980eafc933b91b79_64x64.png,Non-Champion,2,2026-02-27 07:58 UTC
108,Moki #1628,1628,6335,Flanker,Legendary,310.36,291.79,273.60,261.67,36.37,&quot;https://5rH8sf3XHWbNEbyj.public.blob.vercel-storage.com/profile/moki_d622a364530d8d3aa44003bb3916eda6071ff8952210832793e891e7745f6ffe_300x300.png&quot;,https://5rH8sf3XHWbNEbyj.public.blob.vercel-storage.com/thumbnail/moki_d622a364530d8d3aa44003bb3916eda6071ff8952210832793e891e7745f6ffe_64x64.png,Non-Champion,2,2026-02-27 07:58 UTC
109,Moki #6355,6355,6330,Striker,Legendary,39.00,212.00,25.00,412.00,212.00,&quot;https://5rH8sf3XHWbNEbyj.public.blob.vercel-storage.com/profile/moki_60306d20491284b70bfcaf081a2b8df5eb2650fc5e1574d383833878d01e2494_300x300.png&quot;,https://5rH8sf3XHWbNEbyj.public.blob.vercel-storage.com/thumbnail/moki_60306d20491284b70bfcaf081a2b8df5eb2650fc5e1574d383833878d01e2494_64x64.png,Non-Champion,2,2026-02-27 07:58 UTC
110,Moki #1040,1040,6330,Forward,Legendary,329.32,244.00,14.00,249.00,240.00,&quot;https://5rH8sf3XHWbNEbyj.public.blob.vercel-storage.com/profile/moki_91c693b7fac7d2a77bfa8f2c05a9697c9b93bc5994917c1722e060113c9c75e9_300x300.png&quot;,https://5rH8sf3XHWbNEbyj.public.blob.vercel-storage.com/thumbnail/moki_91c693b7fac7d2a77bfa8f2c05a9697c9b93bc5994917c1722e060113c9c75e9_64x64.png,Non-Champion,2,2026-02-27 07:58 UTC
111,Moki #3252,3252,6325,Flanker,Legendary,322.12,272.56,324.53,295.64,17.00,&quot;https://5rH8sf3XHWbNEbyj.public.blob.vercel-storage.com/profile/moki_d4cd2eda8ee4d864d3cd615e5e597273cda29628a3ac56b29a124507523164a0_300x300.png&quot;,https://5rH8sf3XHWbNEbyj.public.blob.vercel-storage.com/thumbnail/moki_d4cd2eda8ee4d864d3cd615e5e597273cda29628a3ac56b29a124507523164a0_64x64.png,Non-Champion,2,2026-02-27 07:58 UTC
112,Moki #7620,7620,6315,Defender,Legendary,214.00,224.00,427.00,23.00,12.00,&quot;https://5rH8sf3XHWbNEbyj.public.blob.vercel-storage.com/profile/moki_6a850f5d02f7f3ddc49ca6afedda62401018c0b3d956bef0ea420a3d700bd8ed_300x300.png&quot;,https://5rH8sf3XHWbNEbyj.public.blob.vercel-storage.com/thumbnail/moki_6a850f5d02f7f3ddc49ca6afedda62401018c0b3d956bef0ea420a3d700bd8ed_64x64.png,Non-Champion,2,2026-02-27 07:58 UTC
113,Moki #7538,7538,6315,Flanker,Legendary,247.00,387.52,281.50,232.00,43.66,&quot;https://5rH8sf3XHWbNEbyj.public.blob.vercel-storage.com/profile/moki_7f29da02d8775e2a5207683c101e4837033a78c65ea552928a760bc489b8d979_300x300.png&quot;,https://5rH8sf3XHWbNEbyj.public.blob.vercel-storage.com/thumbnail/moki_7f29da02d8775e2a5207683c101e4837033a78c65ea552928a760bc489b8d979_64x64.png,Non-Champion,2,2026-02-27 07:58 UTC
114,Moki #5745,5745,6315,Sprinter,Legendary,22.82,487.24,286.70,238.00,34.00,&quot;https://5rH8sf3XHWbNEbyj.public.blob.vercel-storage.com/profile/moki_876b74e1ca6fa6e2fef80a66d127b3388659411c841623a4cee4976f31a11129_300x300.png&quot;,https://5rH8sf3XHWbNEbyj.public.blob.vercel-storage.com/thumbnail/moki_876b74e1ca6fa6e2fef80a66d127b3388659411c841623a4cee4976f31a11129_64x64.png,Non-Champion,2,2026-02-27 07:58 UTC
115,Moki #418,418,6315,Center,Legendary,249.00,317.38,254.99,117.40,230.00,&quot;https://5rH8sf3XHWbNEbyj.public.blob.vercel-storage.com/profile/moki_8f0668102a945312467cc9d2b39d06ee98cce6188dd578a4b9036bd615c5ed8c_300x300.png&quot;,https://5rH8sf3XHWbNEbyj.public.blob.vercel-storage.com/thumbnail/moki_8f0668102a945312467cc9d2b39d06ee98cce6188dd578a4b9036bd615c5ed8c_64x64.png,Non-Champion,2,2026-02-27 07:58 UTC
116,Lovable Loser,6797,6310,Bruiser,Legendary,475.10,100.13,245.57,75.11,223.00,&quot;https://5rH8sf3XHWbNEbyj.public.blob.vercel-storage.com/profile/moki_e8e0d974750a9fd04469b30201516eb883ef53be7c552ec9f8c9ac35ab497e66_300x300.png&quot;,https://5rH8sf3XHWbNEbyj.public.blob.vercel-storage.com/thumbnail/moki_e8e0d974750a9fd04469b30201516eb883ef53be7c552ec9f8c9ac35ab497e66_64x64.png,Non-Champion,2,2026-02-27 07:58 UTC
117,Moki #4871,4871,6310,Anchor,Legendary,256.00,28.00,234.00,239.00,243.00,&quot;https://5rH8sf3XHWbNEbyj.public.blob.vercel-storage.com/profile/moki_b774c2710f554eff345c613a0793d00f69a8f7b92c52086d3d3a45f6cf26261f_300x300.png&quot;,https://5rH8sf3XHWbNEbyj.public.blob.vercel-storage.com/thumbnail/moki_b774c2710f554eff345c613a0793d00f69a8f7b92c52086d3d3a45f6cf26261f_64x64.png,Non-Champion,2,2026-02-27 07:58 UTC
118,Moki #3848,3848,6305,Flanker,Legendary,239.00,242.00,249.00,245.00,25.00,&quot;https://5rH8sf3XHWbNEbyj.public.blob.vercel-storage.com/profile/moki_77ca844275e20f42e0fbe776dbb02f43f726e8643722810f84aa732121af9fac_300x300.png&quot;,https://5rH8sf3XHWbNEbyj.public.blob.vercel-storage.com/thumbnail/moki_77ca844275e20f42e0fbe776dbb02f43f726e8643722810f84aa732121af9fac_64x64.png,Non-Champion,2,2026-02-27 07:58 UTC
119,Moki #1590,1590,6305,Flanker,Legendary,268.54,309.00,269.68,267.85,58.96,&quot;https://5rH8sf3XHWbNEbyj.public.blob.vercel-storage.com/profile/moki_64836d053a5602d22beb02ce172ce806ea21d41afe5c88c95aa2568f3773c6ed_300x300.png&quot;,https://5rH8sf3XHWbNEbyj.public.blob.vercel-storage.com/thumbnail/moki_64836d053a5602d22beb02ce172ce806ea21d41afe5c88c95aa2568f3773c6ed_64x64.png,Non-Champion,2,2026-02-27 07:58 UTC
120,Moki #8521,8521,6300,Forward,Legendary,283.54,373.45,75.00,390.01,400.81,&quot;https://5rH8sf3XHWbNEbyj.public.blob.vercel-storage.com/profile/moki_bad5f2d50dcdb12638cfeacfaf9880f9552229457f615b65cf127394cbf5e779_300x300.png&quot;,https://5rH8sf3XHWbNEbyj.public.blob.vercel-storage.com/thumbnail/moki_bad5f2d50dcdb12638cfeacfaf9880f9552229457f615b65cf127394cbf5e779_64x64.png,Non-Champion,2,2026-02-27 07:58 UTC
121,Moki #6599,6599,6300,Striker,Legendary,27.00,219.00,18.00,415.00,221.00,&quot;https://5rH8sf3XHWbNEbyj.public.blob.vercel-storage.com/profile/moki_142ba88eac3a02b1e4e3bd8ca57119bafab144357c12ad22291de5a2251613c3_300x300.png&quot;,https://5rH8sf3XHWbNEbyj.public.blob.vercel-storage.com/thumbnail/moki_142ba88eac3a02b1e4e3bd8ca57119bafab144357c12ad22291de5a2251613c3_64x64.png,Non-Champion,2,2026-02-27 07:58 UTC
122,Moki #1953,1953,6300,Flanker,Legendary,257.00,283.35,251.00,245.34,118.84,&quot;https://5rH8sf3XHWbNEbyj.public.blob.vercel-storage.com/profile/moki_1592208a79831ba94298a4f289226ee52158682b5924e4799ed01ed4d70cf12b_300x300.png&quot;,https://5rH8sf3XHWbNEbyj.public.blob.vercel-storage.com/thumbnail/moki_1592208a79831ba94298a4f289226ee52158682b5924e4799ed01ed4d70cf12b_64x64.png,Non-Champion,2,2026-02-27 07:58 UTC
123,Moki #743,743,6300,Striker,Legendary,15.00,275.48,35.64,501.85,271.32,&quot;https://5rH8sf3XHWbNEbyj.public.blob.vercel-storage.com/profile/moki_ea40abb3985fa72ab3fff2d688c9d3b9e516821b650a6bfa1d51f470c10c673a_300x300.png&quot;,https://5rH8sf3XHWbNEbyj.public.blob.vercel-storage.com/thumbnail/moki_ea40abb3985fa72ab3fff2d688c9d3b9e516821b650a6bfa1d51f470c10c673a_64x64.png,Non-Champion,2,2026-02-27 07:58 UTC
124,Moki #4136,4136,6285,Bruiser,Legendary,431.00,37.63,307.91,29.00,207.00,&quot;https://5rH8sf3XHWbNEbyj.public.blob.vercel-storage.com/profile/moki_619aec0fb985e85d34280845c9f99dbe1618ec21aabacc781882721309d57451_300x300.png&quot;,https://5rH8sf3XHWbNEbyj.public.blob.vercel-storage.com/thumbnail/moki_619aec0fb985e85d34280845c9f99dbe1618ec21aabacc781882721309d57451_64x64.png,Non-Champion,2,2026-02-27 07:58 UTC
125,Moki #3377,3377,6285,Flanker,Legendary,315.10,286.04,292.00,286.00,42.00,&quot;https://5rH8sf3XHWbNEbyj.public.blob.vercel-storage.com/profile/moki_8be7cc461937967ebd2661b19afd08d45118c0b2c04901c45fb3b09029e58cd5_300x300.png&quot;,https://5rH8sf3XHWbNEbyj.public.blob.vercel-storage.com/thumbnail/moki_8be7cc461937967ebd2661b19afd08d45118c0b2c04901c45fb3b09029e58cd5_64x64.png,Non-Champion,2,2026-02-27 07:58 UTC
126,Moki #7964,7964,6280,Anchor,Legendary,367.94,55.61,263.95,243.33,249.00,&quot;https://5rH8sf3XHWbNEbyj.public.blob.vercel-storage.com/profile/moki_6e3d43be8337ae1ab687862d7114fe8a46f20c3a55f12edcc66e32e178f8cd23_300x300.png&quot;,https://5rH8sf3XHWbNEbyj.public.blob.vercel-storage.com/thumbnail/moki_6e3d43be8337ae1ab687862d7114fe8a46f20c3a55f12edcc66e32e178f8cd23_64x64.png,Non-Champion,2,2026-02-27 07:58 UTC
127,Moki #7271,7271,6280,Flanker,Legendary,249.00,250.00,251.00,237.00,13.00,&quot;https://5rH8sf3XHWbNEbyj.public.blob.vercel-storage.com/profile/moki_a8c36b04c184c5c86f5077a83701f1eed8dfb0a07bd1ecdd1f43432f413d7c8d_300x300.png&quot;,https://5rH8sf3XHWbNEbyj.public.blob.vercel-storage.com/thumbnail/moki_a8c36b04c184c5c86f5077a83701f1eed8dfb0a07bd1ecdd1f43432f413d7c8d_64x64.png,Non-Champion,2,2026-02-27 07:58 UTC
128,WHEEZY,6398,6280,Support,Legendary,29.00,295.14,262.00,349.16,266.37,&quot;https://5rH8sf3XHWbNEbyj.public.blob.vercel-storage.com/profile/moki_7b5bef4e5b833f88c417c6891f341f02486aa4a1cf17b375c9004039d0f8847e_300x300.png&quot;,https://5rH8sf3XHWbNEbyj.public.blob.vercel-storage.com/thumbnail/moki_7b5bef4e5b833f88c417c6891f341f02486aa4a1cf17b375c9004039d0f8847e_64x64.png,Non-Champion,2,2026-02-27 07:58 UTC
129,Moki #5568,5568,6280,Center,Legendary,233.00,248.00,251.00,34.98,236.00,&quot;https://5rH8sf3XHWbNEbyj.public.blob.vercel-storage.com/profile/moki_16bdc774674fc055ca64d3e6b1719a5ee8070e2bdc795267139715fe59df2b9d_300x300.png&quot;,https://5rH8sf3XHWbNEbyj.public.blob.vercel-storage.com/thumbnail/moki_16bdc774674fc055ca64d3e6b1719a5ee8070e2bdc795267139715fe59df2b9d_64x64.png,Non-Champion,2,2026-02-27 07:58 UTC
130,Moki #5128,5128,6280,Support,Legendary,27.43,318.66,272.15,303.52,269.26,&quot;https://5rH8sf3XHWbNEbyj.public.blob.vercel-storage.com/profile/moki_3020b374677e5c986fd6138372037de9101cc1f25d0034b636527f54e242abcf_300x300.png&quot;,https://5rH8sf3XHWbNEbyj.public.blob.vercel-storage.com/thumbnail/moki_3020b374677e5c986fd6138372037de9101cc1f25d0034b636527f54e242abcf_64x64.png,Non-Champion,2,2026-02-27 07:58 UTC
131,Moki #2831,2831,6280,Sprinter,Legendary,46.99,460.11,225.84,254.43,33.19,&quot;https://5rH8sf3XHWbNEbyj.public.blob.vercel-storage.com/profile/moki_43fa782a112daae53a38de1fc14df6b289fbbb6c40ad5e6fbe67a741af95a28a_300x300.png&quot;,https://5rH8sf3XHWbNEbyj.public.blob.vercel-storage.com/thumbnail/moki_43fa782a112daae53a38de1fc14df6b289fbbb6c40ad5e6fbe67a741af95a28a_64x64.png,Non-Champion,2,2026-02-27 07:58 UTC
132,Moki #8625,8625,6275,Forward,Legendary,336.28,340.04,58.00,288.51,256.67,&quot;https://5rH8sf3XHWbNEbyj.public.blob.vercel-storage.com/profile/moki_c9574d48913d5ebcf8250f2ee56e33982e1b83904f5300fd6d60bfce0975081e_300x300.png&quot;,https://5rH8sf3XHWbNEbyj.public.blob.vercel-storage.com/thumbnail/moki_c9574d48913d5ebcf8250f2ee56e33982e1b83904f5300fd6d60bfce0975081e_64x64.png,Non-Champion,2,2026-02-27 07:58 UTC
133,Moki #365,365,6275,Forward,Legendary,241.00,351.20,16.00,248.00,242.00,&quot;https://5rH8sf3XHWbNEbyj.public.blob.vercel-storage.com/profile/moki_72cfa02563f319b23d692507e2e4130e1058b48d229ff73b73e24ab2dd9fb2c6_300x300.png&quot;,https://5rH8sf3XHWbNEbyj.public.blob.vercel-storage.com/thumbnail/moki_72cfa02563f319b23d692507e2e4130e1058b48d229ff73b73e24ab2dd9fb2c6_64x64.png,Non-Champion,2,2026-02-27 07:58 UTC
134,Moki #4275,4275,6270,Bruiser,Legendary,430.00,36.10,214.00,15.00,226.00,&quot;https://5rH8sf3XHWbNEbyj.public.blob.vercel-storage.com/profile/moki_472c25346785011f6cb8d7570827b9ce579db94499df6754b60e93130e5446bc_300x300.png&quot;,https://5rH8sf3XHWbNEbyj.public.blob.vercel-storage.com/thumbnail/moki_472c25346785011f6cb8d7570827b9ce579db94499df6754b60e93130e5446bc_64x64.png,Non-Champion,2,2026-02-27 07:58 UTC
135,Moki #5516,5516,6260,Striker,Legendary,14.00,238.00,13.00,477.64,220.00,&quot;https://5rH8sf3XHWbNEbyj.public.blob.vercel-storage.com/profile/moki_4f508981f51639f22e849ef1abb239e0db3614f1d7c9e6e51dfb48af26c93ce4_300x300.png&quot;,https://5rH8sf3XHWbNEbyj.public.blob.vercel-storage.com/thumbnail/moki_4f508981f51639f22e849ef1abb239e0db3614f1d7c9e6e51dfb48af26c93ce4_64x64.png,Non-Champion,2,2026-02-27 07:58 UTC
136,Moki #2636,2636,6260,Flanker,Legendary,260.00,292.04,242.00,245.00,20.00,&quot;https://5rH8sf3XHWbNEbyj.public.blob.vercel-storage.com/profile/moki_b50bc74d8112e1c059a834506668761bcb83ac587c14a5526a918e0298c49b42_300x300.png&quot;,https://5rH8sf3XHWbNEbyj.public.blob.vercel-storage.com/thumbnail/moki_b50bc74d8112e1c059a834506668761bcb83ac587c14a5526a918e0298c49b42_64x64.png,Non-Champion,2,2026-02-27 07:58 UTC
137,Moki #6655,6655,6255,Forward,Legendary,279.50,384.58,21.00,255.00,244.00,&quot;https://5rH8sf3XHWbNEbyj.public.blob.vercel-storage.com/profile/moki_2e1ce614cc99dc3b3123b47b4134067bf57929eeefee06c7ea007a0d129f0f91_300x300.png&quot;,https://5rH8sf3XHWbNEbyj.public.blob.vercel-storage.com/thumbnail/moki_2e1ce614cc99dc3b3123b47b4134067bf57929eeefee06c7ea007a0d129f0f91_64x64.png,Non-Champion,2,2026-02-27 07:58 UTC
138,Moki #8235,8235,6250,Striker,Legendary,99.07,247.90,52.09,447.00,250.21,&quot;https://5rH8sf3XHWbNEbyj.public.blob.vercel-storage.com/profile/moki_506cc2a0ad9963ceabe033906dd2ab9872fa2d1968e5475f58781ced454a1ae6_300x300.png&quot;,https://5rH8sf3XHWbNEbyj.public.blob.vercel-storage.com/thumbnail/moki_506cc2a0ad9963ceabe033906dd2ab9872fa2d1968e5475f58781ced454a1ae6_64x64.png,Non-Champion,2,2026-02-27 07:58 UTC
139,Moki #7276,7276,6250,Grinder,Legendary,231.00,26.00,43.00,257.00,443.00,&quot;https://5rH8sf3XHWbNEbyj.public.blob.vercel-storage.com/profile/moki_74c0a3798070f1a40a41dc14cda619b68fe988eb056f3dc98f340e664c1f90c7_300x300.png&quot;,https://5rH8sf3XHWbNEbyj.public.blob.vercel-storage.com/thumbnail/moki_74c0a3798070f1a40a41dc14cda619b68fe988eb056f3dc98f340e664c1f90c7_64x64.png,Non-Champion,2,2026-02-27 07:58 UTC
140,Moki #5756,5756,6250,Striker,Legendary,24.00,296.17,48.48,452.04,236.00,&quot;https://5rH8sf3XHWbNEbyj.public.blob.vercel-storage.com/profile/moki_b6585c0cc79c9c79d3a0d2931e1fc168eeb74091764093a221662b2c1c405f31_300x300.png&quot;,https://5rH8sf3XHWbNEbyj.public.blob.vercel-storage.com/thumbnail/moki_b6585c0cc79c9c79d3a0d2931e1fc168eeb74091764093a221662b2c1c405f31_64x64.png,Non-Champion,2,2026-02-27 07:58 UTC
141,ChuckFresco,3404,6250,Striker,Legendary,35.00,244.55,31.00,463.17,229.95,&quot;https://5rH8sf3XHWbNEbyj.public.blob.vercel-storage.com/profile/moki_31740fb6dc4a3bd97b654e6de52c6d2f81b4a045cefe1c8ebea477c752975082_300x300.png&quot;,https://5rH8sf3XHWbNEbyj.public.blob.vercel-storage.com/thumbnail/moki_31740fb6dc4a3bd97b654e6de52c6d2f81b4a045cefe1c8ebea477c752975082_64x64.png,Non-Champion,2,2026-02-27 07:58 UTC
142,Moki #3091,3091,6250,Striker,Legendary,13.00,320.35,20.00,469.47,229.00,&quot;https://5rH8sf3XHWbNEbyj.public.blob.vercel-storage.com/profile/moki_de05458f1ef9a9478fcd4cb58b703af2cfcef6edc0c78fd0c4de3268c5644f91_300x300.png&quot;,https://5rH8sf3XHWbNEbyj.public.blob.vercel-storage.com/thumbnail/moki_de05458f1ef9a9478fcd4cb58b703af2cfcef6edc0c78fd0c4de3268c5644f91_64x64.png,Non-Champion,2,2026-02-27 07:58 UTC
143,Moki #5914,5914,6245,Support,Legendary,29.00,242.00,243.00,252.00,234.00,&quot;https://5rH8sf3XHWbNEbyj.public.blob.vercel-storage.com/profile/moki_9f4830a66b1daaf33068beec50140f7dac9ee25d56fe64369cdb516553ed5757_300x300.png&quot;,https://5rH8sf3XHWbNEbyj.public.blob.vercel-storage.com/thumbnail/moki_9f4830a66b1daaf33068beec50140f7dac9ee25d56fe64369cdb516553ed5757_64x64.png,Non-Champion,2,2026-02-27 07:58 UTC
144,Moki #2891,2891,6245,Support,Legendary,39.49,273.27,258.00,256.26,246.67,&quot;https://5rH8sf3XHWbNEbyj.public.blob.vercel-storage.com/profile/moki_09999d615b00a5a613693840e45918253c94ef5815ddc333ecb1292fadc42355_300x300.png&quot;,https://5rH8sf3XHWbNEbyj.public.blob.vercel-storage.com/thumbnail/moki_09999d615b00a5a613693840e45918253c94ef5815ddc333ecb1292fadc42355_64x64.png,Non-Champion,2,2026-02-27 07:58 UTC
145,Moki #8522,8522,6240,Sprinter,Legendary,16.00,443.31,239.84,241.18,27.65,&quot;https://5rH8sf3XHWbNEbyj.public.blob.vercel-storage.com/profile/moki_270b550e673b4741331ebcb77d4389211b0615f82ff40a9e154d31c582423d3c_300x300.png&quot;,https://5rH8sf3XHWbNEbyj.public.blob.vercel-storage.com/thumbnail/moki_270b550e673b4741331ebcb77d4389211b0615f82ff40a9e154d31c582423d3c_64x64.png,Non-Champion,2,2026-02-27 07:58 UTC
146,Moki #5062,5062,6240,Defender,Legendary,215.00,223.00,422.00,18.00,22.00,&quot;https://5rH8sf3XHWbNEbyj.public.blob.vercel-storage.com/profile/moki_4dcbb2f9ec32be339138cfe7e47d352b41bf5877e9d9876263518c53ff4ea2e8_300x300.png&quot;,https://5rH8sf3XHWbNEbyj.public.blob.vercel-storage.com/thumbnail/moki_4dcbb2f9ec32be339138cfe7e47d352b41bf5877e9d9876263518c53ff4ea2e8_64x64.png,Non-Champion,2,2026-02-27 07:58 UTC
147,Moki #8461,8461,6235,Center,Legendary,295.84,297.62,289.66,26.00,300.18,&quot;https://5rH8sf3XHWbNEbyj.public.blob.vercel-storage.com/profile/moki_0c4df27a7b6a04ba8cc1834b4d13277a8b6636ac5a228deada6960dd2b8b2dd5_300x300.png&quot;,https://5rH8sf3XHWbNEbyj.public.blob.vercel-storage.com/thumbnail/moki_0c4df27a7b6a04ba8cc1834b4d13277a8b6636ac5a228deada6960dd2b8b2dd5_64x64.png,Non-Champion,2,2026-02-27 07:58 UTC
148,Moki #1817,1817,6235,Support,Legendary,30.00,259.34,252.00,237.00,255.82,&quot;https://5rH8sf3XHWbNEbyj.public.blob.vercel-storage.com/profile/moki_8aa704da1b4a8973a8286d06f08a2c3ca5e40947d7d42d6f61ce04cfd81282a9_300x300.png&quot;,https://5rH8sf3XHWbNEbyj.public.blob.vercel-storage.com/thumbnail/moki_8aa704da1b4a8973a8286d06f08a2c3ca5e40947d7d42d6f61ce04cfd81282a9_64x64.png,Non-Champion,2,2026-02-27 07:58 UTC
149,GoGo PowerRanger,1904,6230,Striker,Legendary,18.00,260.04,20.00,500.50,241.17,&quot;https://5rH8sf3XHWbNEbyj.public.blob.vercel-storage.com/profile/moki_e3546d013ee192308555fd5383d24b8ce4c7688c21a6f9b1258fc2bcd1b578f6_300x300.png&quot;,https://5rH8sf3XHWbNEbyj.public.blob.vercel-storage.com/thumbnail/moki_e3546d013ee192308555fd5383d24b8ce4c7688c21a6f9b1258fc2bcd1b578f6_64x64.png,Non-Champion,2,2026-02-27 07:58 UTC
150,Moki #92,92,6230,Striker,Legendary,15.00,221.00,18.00,412.00,234.00,&quot;https://5rH8sf3XHWbNEbyj.public.blob.vercel-storage.com/profile/moki_10c30b0e9ee3ba66583394e0d1d2355641b68851f4e2dfcec08b2b7777a3617b_300x300.png&quot;,https://5rH8sf3XHWbNEbyj.public.blob.vercel-storage.com/thumbnail/moki_10c30b0e9ee3ba66583394e0d1d2355641b68851f4e2dfcec08b2b7777a3617b_64x64.png,Non-Champion,2,2026-02-27 07:58 UTC
151,Moki #8680,8680,6220,,,,,,,,,https://5rH8sf3XHWbNEbyj.public.blob.vercel-storage.com/thumbnail/moki_727eccdd004fc4362e31bc54232678c87cc0ee31b7a5fc648fb2503d98407a18_64x64.png,Non-Champion,2,2026-02-27 07:58 UTC
152,Moki #2234,2234,6220,Support,Legendary,16.00,309.79,301.52,254.67,300.68,&quot;https://5rH8sf3XHWbNEbyj.public.blob.vercel-storage.com/profile/moki_ad327c358cd6ea8d0ebb6b10bbc6c8f1c6f2702f8b2467932a2ced434c0a0aa4_300x300.png&quot;,https://5rH8sf3XHWbNEbyj.public.blob.vercel-storage.com/thumbnail/moki_ad327c358cd6ea8d0ebb6b10bbc6c8f1c6f2702f8b2467932a2ced434c0a0aa4_64x64.png,Non-Champion,2,2026-02-27 07:58 UTC
153,Moki #7824,7824,6215,Support,Legendary,39.08,271.94,260.96,246.00,241.00,&quot;https://5rH8sf3XHWbNEbyj.public.blob.vercel-storage.com/profile/moki_ed618ebc88faaf707aae2666c124544df8c78dbb3db50d7d8a0d77070264bcba_300x300.png&quot;,https://5rH8sf3XHWbNEbyj.public.blob.vercel-storage.com/thumbnail/moki_ed618ebc88faaf707aae2666c124544df8c78dbb3db50d7d8a0d77070264bcba_64x64.png,Non-Champion,2,2026-02-27 07:58 UTC
154,Moki #2001,2001,6215,Support,Legendary,18.00,241.00,235.00,270.00,236.00,&quot;https://5rH8sf3XHWbNEbyj.public.blob.vercel-storage.com/profile/moki_21c560f1c3d8893f1a837d4714f3cce5b049eb53c0c4a8e092f4566df699951b_300x300.png&quot;,https://5rH8sf3XHWbNEbyj.public.blob.vercel-storage.com/thumbnail/moki_21c560f1c3d8893f1a837d4714f3cce5b049eb53c0c4a8e092f4566df699951b_64x64.png,Non-Champion,2,2026-02-27 07:58 UTC
155,Moki #1127,1127,6210,Striker,Legendary,25.00,223.00,26.00,416.00,210.00,&quot;https://5rH8sf3XHWbNEbyj.public.blob.vercel-storage.com/profile/moki_15fb9c26a5960a81c8cb9a8579e5a1c73c03554881afd4c10bf4ccbcebaea1d4_300x300.png&quot;,https://5rH8sf3XHWbNEbyj.public.blob.vercel-storage.com/thumbnail/moki_15fb9c26a5960a81c8cb9a8579e5a1c73c03554881afd4c10bf4ccbcebaea1d4_64x64.png,Non-Champion,2,2026-02-27 07:58 UTC
156,Moki #40,40,6205,Forward,Legendary,239.62,335.54,16.00,271.91,252.00,&quot;https://5rH8sf3XHWbNEbyj.public.blob.vercel-storage.com/profile/moki_ec5dd1a2a9901d3ad0e70f447908cb401c63ff158d6ec46c8f224439c1e30d50_300x300.png&quot;,https://5rH8sf3XHWbNEbyj.public.blob.vercel-storage.com/thumbnail/moki_ec5dd1a2a9901d3ad0e70f447908cb401c63ff158d6ec46c8f224439c1e30d50_64x64.png,Non-Champion,2,2026-02-27 07:58 UTC
157,Moki #6726,6726,6200,Bruiser,Legendary,457.92,120.70,235.50,19.00,274.54,&quot;https://5rH8sf3XHWbNEbyj.public.blob.vercel-storage.com/profile/moki_0cfde74caf65a47bcb8ce37806fa2366be345c171587b251f33a1ad0f4c8cf3e_300x300.png&quot;,https://5rH8sf3XHWbNEbyj.public.blob.vercel-storage.com/thumbnail/moki_0cfde74caf65a47bcb8ce37806fa2366be345c171587b251f33a1ad0f4c8cf3e_64x64.png,Non-Champion,2,2026-02-27 07:58 UTC
158,Moki #4987,4987,6200,Bruiser,Legendary,416.00,24.00,207.00,16.00,237.00,&quot;https://5rH8sf3XHWbNEbyj.public.blob.vercel-storage.com/profile/moki_543a809addbc52561e0fefe9b4b408807e02fea187929dba456558f2d525c658_300x300.png&quot;,https://5rH8sf3XHWbNEbyj.public.blob.vercel-storage.com/thumbnail/moki_543a809addbc52561e0fefe9b4b408807e02fea187929dba456558f2d525c658_64x64.png,Non-Champion,2,2026-02-27 07:58 UTC
159,Moki #1635,1635,6200,Striker,Legendary,35.00,220.00,20.00,418.00,207.00,&quot;https://5rH8sf3XHWbNEbyj.public.blob.vercel-storage.com/profile/moki_98c28479a92cd9d0eb9510eda71dab26545ae0b11b744b17176417e5940a45b9_300x300.png&quot;,https://5rH8sf3XHWbNEbyj.public.blob.vercel-storage.com/thumbnail/moki_98c28479a92cd9d0eb9510eda71dab26545ae0b11b744b17176417e5940a45b9_64x64.png,Non-Champion,2,2026-02-27 07:58 UTC
160,Moki #876,876,6200,Bruiser,Legendary,474.50,39.00,237.00,31.00,246.00,&quot;https://5rH8sf3XHWbNEbyj.public.blob.vercel-storage.com/profile/moki_92f678552af0a5f65e7112d75ef8729746cd28de8f5955ee6490bd3c8ceab32e_300x300.png&quot;,https://5rH8sf3XHWbNEbyj.public.blob.vercel-storage.com/thumbnail/moki_92f678552af0a5f65e7112d75ef8729746cd28de8f5955ee6490bd3c8ceab32e_64x64.png,Non-Champion,2,2026-02-27 07:58 UTC
161,Moki #4498,4498,6190,Grinder,Legendary,226.00,7.00,16.00,220.00,431.00,&quot;https://5rH8sf3XHWbNEbyj.public.blob.vercel-storage.com/profile/moki_2b6fc83e813a5ebea93b12cb05da56bdc1f96d48f2064ddfe378ba5a0dca6c5d_300x300.png&quot;,https://5rH8sf3XHWbNEbyj.public.blob.vercel-storage.com/thumbnail/moki_2b6fc83e813a5ebea93b12cb05da56bdc1f96d48f2064ddfe378ba5a0dca6c5d_64x64.png,Non-Champion,2,2026-02-27 07:58 UTC
162,Moki #4002,4002,6190,Bruiser,Legendary,506.44,39.06,267.04,12.00,235.72,&quot;https://5rH8sf3XHWbNEbyj.public.blob.vercel-storage.com/profile/moki_04b365d1c74390b81e2f6ca12f304a7126b21e8ddd9d84a7730d69fcb33dace0_300x300.png&quot;,https://5rH8sf3XHWbNEbyj.public.blob.vercel-storage.com/thumbnail/moki_04b365d1c74390b81e2f6ca12f304a7126b21e8ddd9d84a7730d69fcb33dace0_64x64.png,Non-Champion,2,2026-02-27 07:58 UTC
163,Moki #2497,2497,6190,Striker,Legendary,47.14,300.36,51.96,500.12,260.23,&quot;https://5rH8sf3XHWbNEbyj.public.blob.vercel-storage.com/profile/moki_e1b4ee70856101227417755b70cb9b641c71d62dba4a68612878a01b71b26147_300x300.png&quot;,https://5rH8sf3XHWbNEbyj.public.blob.vercel-storage.com/thumbnail/moki_e1b4ee70856101227417755b70cb9b641c71d62dba4a68612878a01b71b26147_64x64.png,Non-Champion,2,2026-02-27 07:58 UTC
164,Moki #1480,1480,6190,Grinder,Legendary,224.00,22.00,13.00,221.00,420.00,&quot;https://5rH8sf3XHWbNEbyj.public.blob.vercel-storage.com/profile/moki_00648dbd36fd810c935efc8721b1660a780f6d4bf69d341f6b30987195a95625_300x300.png&quot;,https://5rH8sf3XHWbNEbyj.public.blob.vercel-storage.com/thumbnail/moki_00648dbd36fd810c935efc8721b1660a780f6d4bf69d341f6b30987195a95625_64x64.png,Non-Champion,2,2026-02-27 07:58 UTC
165,Moki #6104,6104,6180,Center,Legendary,326.25,324.65,245.00,14.67,262.35,&quot;https://5rH8sf3XHWbNEbyj.public.blob.vercel-storage.com/profile/moki_ae26e424bc5bd134ac92e2660f0666b5ad64ab35437e8df301d6582f34baf496_300x300.png&quot;,https://5rH8sf3XHWbNEbyj.public.blob.vercel-storage.com/thumbnail/moki_ae26e424bc5bd134ac92e2660f0666b5ad64ab35437e8df301d6582f34baf496_64x64.png,Non-Champion,2,2026-02-27 07:58 UTC
166,Moki #3249,3249,6180,Forward,Legendary,261.24,273.64,40.78,279.14,311.22,&quot;https://5rH8sf3XHWbNEbyj.public.blob.vercel-storage.com/profile/moki_095907ec4d9b840d79880c18284d0a6ac354ca9ad2709e0ae33d270aa2256efc_300x300.png&quot;,https://5rH8sf3XHWbNEbyj.public.blob.vercel-storage.com/thumbnail/moki_095907ec4d9b840d79880c18284d0a6ac354ca9ad2709e0ae33d270aa2256efc_64x64.png,Non-Champion,2,2026-02-27 07:58 UTC
167,Moki #1007,1007,6180,Grinder,Legendary,221.00,18.00,13.00,217.00,431.00,&quot;https://5rH8sf3XHWbNEbyj.public.blob.vercel-storage.com/profile/moki_9689352e9b32e54121bd75cb8664c7d447db5a1b22cf367d5818d15343e262b5_300x300.png&quot;,https://5rH8sf3XHWbNEbyj.public.blob.vercel-storage.com/thumbnail/moki_9689352e9b32e54121bd75cb8664c7d447db5a1b22cf367d5818d15343e262b5_64x64.png,Non-Champion,2,2026-02-27 07:58 UTC
168,Moki #2874,2874,6175,Support,Legendary,15.00,244.00,252.00,248.00,241.00,&quot;https://5rH8sf3XHWbNEbyj.public.blob.vercel-storage.com/profile/moki_d17a0a98890a73accde28c5c874890f63ecc389ee56109f9976c2d9867dd534f_300x300.png&quot;,https://5rH8sf3XHWbNEbyj.public.blob.vercel-storage.com/thumbnail/moki_d17a0a98890a73accde28c5c874890f63ecc389ee56109f9976c2d9867dd534f_64x64.png,Non-Champion,2,2026-02-27 07:58 UTC
169,Moki #8144,8144,6170,Grinder,Legendary,233.73,22.30,20.00,220.00,425.65,&quot;https://5rH8sf3XHWbNEbyj.public.blob.vercel-storage.com/profile/moki_26ce190eb2768fdc65529f3447c6c6b16543f2f8b5821eef19bbf5a41d628421_300x300.png&quot;,https://5rH8sf3XHWbNEbyj.public.blob.vercel-storage.com/thumbnail/moki_26ce190eb2768fdc65529f3447c6c6b16543f2f8b5821eef19bbf5a41d628421_64x64.png,Non-Champion,2,2026-02-27 07:58 UTC
170,Moki #4563,4563,6170,Forward,Legendary,248.00,251.00,19.00,246.00,236.00,&quot;https://5rH8sf3XHWbNEbyj.public.blob.vercel-storage.com/profile/moki_00a388e62b43b2235c04b80b192d32c0798d3c767b425fe0f39d3eed9bbeeea8_300x300.png&quot;,https://5rH8sf3XHWbNEbyj.public.blob.vercel-storage.com/thumbnail/moki_00a388e62b43b2235c04b80b192d32c0798d3c767b425fe0f39d3eed9bbeeea8_64x64.png,Non-Champion,2,2026-02-27 07:58 UTC
171,Moki #1302,1302,6170,Striker,Legendary,16.00,248.53,12.00,414.00,223.00,&quot;https://5rH8sf3XHWbNEbyj.public.blob.vercel-storage.com/profile/moki_3956f53a440a04b1e3db23932ccab5aa8ea858d5d89ac3a22aa208ce6206a32e_300x300.png&quot;,https://5rH8sf3XHWbNEbyj.public.blob.vercel-storage.com/thumbnail/moki_3956f53a440a04b1e3db23932ccab5aa8ea858d5d89ac3a22aa208ce6206a32e_64x64.png,Non-Champion,2,2026-02-27 07:58 UTC
172,Moki #6463,6463,6160,Support,Legendary,109.52,262.68,281.26,256.58,249.19,&quot;https://5rH8sf3XHWbNEbyj.public.blob.vercel-storage.com/profile/moki_b1a7900607f5263f49a411d84e0e9fa454a11f2f133cc2254d6fde030db1d642_300x300.png&quot;,https://5rH8sf3XHWbNEbyj.public.blob.vercel-storage.com/thumbnail/moki_b1a7900607f5263f49a411d84e0e9fa454a11f2f133cc2254d6fde030db1d642_64x64.png,Non-Champion,2,2026-02-27 07:58 UTC
173,Moki #6015,6015,6160,Flanker,Legendary,248.00,265.00,252.00,254.00,31.00,&quot;https://5rH8sf3XHWbNEbyj.public.blob.vercel-storage.com/profile/moki_64a7d7751591dd05a4d31ae8ba70c25d814e921bf96006dff2f56346047daa59_300x300.png&quot;,https://5rH8sf3XHWbNEbyj.public.blob.vercel-storage.com/thumbnail/moki_64a7d7751591dd05a4d31ae8ba70c25d814e921bf96006dff2f56346047daa59_64x64.png,Non-Champion,2,2026-02-27 07:58 UTC
174,Moki #4570,4570,6160,Bruiser,Legendary,424.00,14.00,222.00,12.00,228.00,&quot;https://5rH8sf3XHWbNEbyj.public.blob.vercel-storage.com/profile/moki_db543b8de685e652f12e90ac1052cb948c478ddde3e10abc011983656e04e25c_300x300.png&quot;,https://5rH8sf3XHWbNEbyj.public.blob.vercel-storage.com/thumbnail/moki_db543b8de685e652f12e90ac1052cb948c478ddde3e10abc011983656e04e25c_64x64.png,Non-Champion,2,2026-02-27 07:58 UTC
175,Moki #827,827,6160,Bruiser,Legendary,506.13,100.77,225.00,18.33,221.42,&quot;https://5rH8sf3XHWbNEbyj.public.blob.vercel-storage.com/profile/moki_7561c4a015f5f1a605a28dc0da852c41eb819b997d2f674ad9e6c98adb1b3f62_300x300.png&quot;,https://5rH8sf3XHWbNEbyj.public.blob.vercel-storage.com/thumbnail/moki_7561c4a015f5f1a605a28dc0da852c41eb819b997d2f674ad9e6c98adb1b3f62_64x64.png,Non-Champion,2,2026-02-27 07:58 UTC
176,Moki #7146,7146,6150,Center,Legendary,279.87,334.25,283.58,30.43,256.36,&quot;https://5rH8sf3XHWbNEbyj.public.blob.vercel-storage.com/profile/moki_62d0d2e84f6748fa8d0577bc1d3799dd95fc430a39f19d9c4f4e26059a78d141_300x300.png&quot;,https://5rH8sf3XHWbNEbyj.public.blob.vercel-storage.com/thumbnail/moki_62d0d2e84f6748fa8d0577bc1d3799dd95fc430a39f19d9c4f4e26059a78d141_64x64.png,Non-Champion,2,2026-02-27 07:58 UTC
177,Moki #1168,1168,6150,Bruiser,Legendary,506.79,20.00,231.71,18.00,220.33,&quot;https://5rH8sf3XHWbNEbyj.public.blob.vercel-storage.com/profile/moki_83550bdf7a300b7142db3fa547308d06697ca2988f36e48aebcfca93c005b129_300x300.png&quot;,https://5rH8sf3XHWbNEbyj.public.blob.vercel-storage.com/thumbnail/moki_83550bdf7a300b7142db3fa547308d06697ca2988f36e48aebcfca93c005b129_64x64.png,Non-Champion,2,2026-02-27 07:58 UTC
178,Moki #343,343,6150,Striker,Legendary,18.00,270.49,11.00,540.75,301.65,&quot;https://5rH8sf3XHWbNEbyj.public.blob.vercel-storage.com/profile/moki_66841460f75cb4eeb92fed3c4c92e093b3102b9b39ad4988281bbaa7786ebb6b_300x300.png&quot;,https://5rH8sf3XHWbNEbyj.public.blob.vercel-storage.com/thumbnail/moki_66841460f75cb4eeb92fed3c4c92e093b3102b9b39ad4988281bbaa7786ebb6b_64x64.png,Non-Champion,2,2026-02-27 07:58 UTC
179,Moki #4101,4101,6140,Striker,Legendary,33.00,231.66,17.00,419.65,217.50,&quot;https://5rH8sf3XHWbNEbyj.public.blob.vercel-storage.com/profile/moki_992e83481bceb687d698ee8a90f695bbfd9a68c0c35e12841fa1287fc64621eb_300x300.png&quot;,https://5rH8sf3XHWbNEbyj.public.blob.vercel-storage.com/thumbnail/moki_992e83481bceb687d698ee8a90f695bbfd9a68c0c35e12841fa1287fc64621eb_64x64.png,Non-Champion,2,2026-02-27 07:58 UTC
180,PeePeePooPoo,8745,6135,Defender,Legendary,241.08,342.95,500.38,15.33,26.00,&quot;https://5rH8sf3XHWbNEbyj.public.blob.vercel-storage.com/profile/moki_3b77c511703c85d5a11444b7ece6d0a32bbebc62b96eb07037a5a35e901aa125_300x300.png&quot;,https://5rH8sf3XHWbNEbyj.public.blob.vercel-storage.com/thumbnail/moki_3b77c511703c85d5a11444b7ece6d0a32bbebc62b96eb07037a5a35e901aa125_64x64.png,Non-Champion,2,2026-02-27 07:58 UTC
181,Moki #8064,8064,6135,Support,Legendary,27.00,242.00,251.00,229.00,251.00,&quot;https://5rH8sf3XHWbNEbyj.public.blob.vercel-storage.com/profile/moki_7358e7bd146ff3273df41e5e2d2b4caa2ab9494bab38da3f5edebed0987979ec_300x300.png&quot;,https://5rH8sf3XHWbNEbyj.public.blob.vercel-storage.com/thumbnail/moki_7358e7bd146ff3273df41e5e2d2b4caa2ab9494bab38da3f5edebed0987979ec_64x64.png,Non-Champion,2,2026-02-27 07:58 UTC
182,Moki #5030,5030,6135,Bruiser,Legendary,428.00,19.00,224.00,21.00,208.00,&quot;https://5rH8sf3XHWbNEbyj.public.blob.vercel-storage.com/profile/moki_bce4d4d1af48553c768666d4aacdcaf1389ea92d73a8c98d206a06c8e524442e_300x300.png&quot;,https://5rH8sf3XHWbNEbyj.public.blob.vercel-storage.com/thumbnail/moki_bce4d4d1af48553c768666d4aacdcaf1389ea92d73a8c98d206a06c8e524442e_64x64.png,Non-Champion,2,2026-02-27 07:58 UTC
183,Moki #4026,4026,6135,Center,Legendary,353.60,266.10,238.98,27.64,314.22,&quot;https://5rH8sf3XHWbNEbyj.public.blob.vercel-storage.com/profile/moki_853248949bbd1660199c42704f1504e6393d679e31b6394daef7fa5587708dca_300x300.png&quot;,https://5rH8sf3XHWbNEbyj.public.blob.vercel-storage.com/thumbnail/moki_853248949bbd1660199c42704f1504e6393d679e31b6394daef7fa5587708dca_64x64.png,Non-Champion,2,2026-02-27 07:58 UTC
184,Moki #2937,2937,6135,Forward,Legendary,286.02,272.00,25.82,234.61,270.65,&quot;https://5rH8sf3XHWbNEbyj.public.blob.vercel-storage.com/profile/moki_5100d1f52ac2372d64c707fbdd8377aa0dc0253bc74db09054d3f3606092df59_300x300.png&quot;,https://5rH8sf3XHWbNEbyj.public.blob.vercel-storage.com/thumbnail/moki_5100d1f52ac2372d64c707fbdd8377aa0dc0253bc74db09054d3f3606092df59_64x64.png,Non-Champion,2,2026-02-27 07:58 UTC
185,Moki #8467,8467,6130,Center,Legendary,253.00,235.00,245.00,22.00,245.00,&quot;https://5rH8sf3XHWbNEbyj.public.blob.vercel-storage.com/profile/moki_6ec83fd4da8e0b6a692bd0b5ab29a571fd116ed4f39f538aa060dc695ea4c608_300x300.png&quot;,https://5rH8sf3XHWbNEbyj.public.blob.vercel-storage.com/thumbnail/moki_6ec83fd4da8e0b6a692bd0b5ab29a571fd116ed4f39f538aa060dc695ea4c608_64x64.png,Non-Champion,2,2026-02-27 07:58 UTC
186,Moki #7040,7040,6130,Forward,Legendary,246.00,317.14,19.00,326.04,266.69,&quot;https://5rH8sf3XHWbNEbyj.public.blob.vercel-storage.com/profile/moki_fe107f52700a563efc673784502f171ceb85ca8de5c4f8a0efeed73660540f58_300x300.png&quot;,https://5rH8sf3XHWbNEbyj.public.blob.vercel-storage.com/thumbnail/moki_fe107f52700a563efc673784502f171ceb85ca8de5c4f8a0efeed73660540f58_64x64.png,Non-Champion,2,2026-02-27 07:58 UTC
187,Moki #3335,3335,6130,Striker,Legendary,34.00,268.05,6.00,418.00,222.63,&quot;https://5rH8sf3XHWbNEbyj.public.blob.vercel-storage.com/profile/moki_03683ddbd5812e43c3a4339be34dcc2be053a7316fef4fad35e0ea51980d519f_300x300.png&quot;,https://5rH8sf3XHWbNEbyj.public.blob.vercel-storage.com/thumbnail/moki_03683ddbd5812e43c3a4339be34dcc2be053a7316fef4fad35e0ea51980d519f_64x64.png,Non-Champion,2,2026-02-27 07:58 UTC
188,Moki #2600,2600,6130,Forward,Legendary,298.16,284.89,66.11,269.36,283.84,&quot;https://5rH8sf3XHWbNEbyj.public.blob.vercel-storage.com/profile/moki_d8f09ab521469775f2790dabfdcc0d3dcd1175d9936d8e725d61c68aa254782c_300x300.png&quot;,https://5rH8sf3XHWbNEbyj.public.blob.vercel-storage.com/thumbnail/moki_d8f09ab521469775f2790dabfdcc0d3dcd1175d9936d8e725d61c68aa254782c_64x64.png,Non-Champion,2,2026-02-27 07:58 UTC
189,Moki #417,417,6130,Grinder,Legendary,226.00,31.00,7.00,210.00,527.16,&quot;https://5rH8sf3XHWbNEbyj.public.blob.vercel-storage.com/profile/moki_0dd8f820d9e1539c23d3a46df39c5f706f1e814981702ebcce91caf4d2a25656_300x300.png&quot;,https://5rH8sf3XHWbNEbyj.public.blob.vercel-storage.com/thumbnail/moki_0dd8f820d9e1539c23d3a46df39c5f706f1e814981702ebcce91caf4d2a25656_64x64.png,Non-Champion,2,2026-02-27 07:58 UTC
190,Moki #4626,4626,6125,Sprinter,Legendary,22.00,429.30,216.00,212.00,24.00,&quot;https://5rH8sf3XHWbNEbyj.public.blob.vercel-storage.com/profile/moki_1a2c7006e95b2e66cff06bc5290e7ecba65f0e3f3abf3135cb1bc17d6ebadd67_300x300.png&quot;,https://5rH8sf3XHWbNEbyj.public.blob.vercel-storage.com/thumbnail/moki_1a2c7006e95b2e66cff06bc5290e7ecba65f0e3f3abf3135cb1bc17d6ebadd67_64x64.png,Non-Champion,2,2026-02-27 07:58 UTC
191,Moki #3210,3210,6125,Center,Legendary,286.32,355.18,331.18,22.00,267.33,&quot;https://5rH8sf3XHWbNEbyj.public.blob.vercel-storage.com/profile/moki_ace2d3fd07aebdeb15f5118fed11393eb08732a364aca5a95afac784a9f59e0b_300x300.png&quot;,https://5rH8sf3XHWbNEbyj.public.blob.vercel-storage.com/thumbnail/moki_ace2d3fd07aebdeb15f5118fed11393eb08732a364aca5a95afac784a9f59e0b_64x64.png,Non-Champion,2,2026-02-27 07:58 UTC
192,Moki #7853,7853,6120,Bruiser,Legendary,560.31,26.00,255.16,14.00,208.00,&quot;https://5rH8sf3XHWbNEbyj.public.blob.vercel-storage.com/profile/moki_c0053898070c557f42507b97b6a6bde04653cb11b32f7ca9228cbbf5b8c45c30_300x300.png&quot;,https://5rH8sf3XHWbNEbyj.public.blob.vercel-storage.com/thumbnail/moki_c0053898070c557f42507b97b6a6bde04653cb11b32f7ca9228cbbf5b8c45c30_64x64.png,Non-Champion,2,2026-02-27 07:58 UTC
193,Moki #6926,6926,6120,Support,Legendary,43.10,245.00,378.30,255.00,247.00,&quot;https://5rH8sf3XHWbNEbyj.public.blob.vercel-storage.com/profile/moki_1fa6a6b09e5f178a96c975a1ee3e0c18f0b80c428253cc3349e7122afe1ef6e9_300x300.png&quot;,https://5rH8sf3XHWbNEbyj.public.blob.vercel-storage.com/thumbnail/moki_1fa6a6b09e5f178a96c975a1ee3e0c18f0b80c428253cc3349e7122afe1ef6e9_64x64.png,Non-Champion,2,2026-02-27 07:58 UTC
194,Moki #919,919,6120,Forward,Legendary,249.33,276.39,33.79,322.32,237.30,&quot;https://5rH8sf3XHWbNEbyj.public.blob.vercel-storage.com/profile/moki_e92b7ce7811ec99bc098cea4ca2017b4967380a36e19675c4ff562179411b1a7_300x300.png&quot;,https://5rH8sf3XHWbNEbyj.public.blob.vercel-storage.com/thumbnail/moki_e92b7ce7811ec99bc098cea4ca2017b4967380a36e19675c4ff562179411b1a7_64x64.png,Non-Champion,2,2026-02-27 07:58 UTC
195,Moki #8200,8200,6115,Grinder,Legendary,258.51,55.79,62.66,254.18,472.03,&quot;https://5rH8sf3XHWbNEbyj.public.blob.vercel-storage.com/profile/moki_13d640226f7649f16a367311e530424a003a04e3d59f5a872c08046b774efe51_300x300.png&quot;,https://5rH8sf3XHWbNEbyj.public.blob.vercel-storage.com/thumbnail/moki_13d640226f7649f16a367311e530424a003a04e3d59f5a872c08046b774efe51_64x64.png,Non-Champion,2,2026-02-27 07:58 UTC
196,Moki #4888,4888,6115,Forward,Legendary,264.77,288.21,8.67,294.07,286.67,&quot;https://5rH8sf3XHWbNEbyj.public.blob.vercel-storage.com/profile/moki_694cfd4c319fe1100ad004280a7f83acc4f9d8b45dd6ac3b93900bc5a64e0301_300x300.png&quot;,https://5rH8sf3XHWbNEbyj.public.blob.vercel-storage.com/thumbnail/moki_694cfd4c319fe1100ad004280a7f83acc4f9d8b45dd6ac3b93900bc5a64e0301_64x64.png,Non-Champion,2,2026-02-27 07:58 UTC
197,Moki #1305,1305,6115,Flanker,Legendary,254.00,256.00,258.00,245.00,37.00,&quot;https://5rH8sf3XHWbNEbyj.public.blob.vercel-storage.com/profile/moki_1bb6ac87db0983864ee7f54ebdd5dc49fbd583fa9231ecb510b7f62032239804_300x300.png&quot;,https://5rH8sf3XHWbNEbyj.public.blob.vercel-storage.com/thumbnail/moki_1bb6ac87db0983864ee7f54ebdd5dc49fbd583fa9231ecb510b7f62032239804_64x64.png,Non-Champion,2,2026-02-27 07:58 UTC
198,Moki #6275,6275,6110,Striker,Legendary,28.00,215.00,16.00,426.00,215.00,&quot;https://5rH8sf3XHWbNEbyj.public.blob.vercel-storage.com/profile/moki_de02d215f3c5cf3ae86da3de5b26b85b6758af84aa64996da74009dc5377fff3_300x300.png&quot;,https://5rH8sf3XHWbNEbyj.public.blob.vercel-storage.com/thumbnail/moki_de02d215f3c5cf3ae86da3de5b26b85b6758af84aa64996da74009dc5377fff3_64x64.png,Non-Champion,2,2026-02-27 07:58 UTC
199,Moki #5807,5807,6110,Bruiser,Legendary,416.00,29.00,292.67,25.00,214.67,&quot;https://5rH8sf3XHWbNEbyj.public.blob.vercel-storage.com/profile/moki_1c7e544d3feb2abcae279775c15a2b007674ae24b8b9bc662ff6d22010a00eb7_300x300.png&quot;,https://5rH8sf3XHWbNEbyj.public.blob.vercel-storage.com/thumbnail/moki_1c7e544d3feb2abcae279775c15a2b007674ae24b8b9bc662ff6d22010a00eb7_64x64.png,Non-Champion,2,2026-02-27 07:58 UTC
200,Moki #5152,5152,6110,Sprinter,Legendary,29.00,552.16,218.00,286.03,8.00,&quot;https://5rH8sf3XHWbNEbyj.public.blob.vercel-storage.com/profile/moki_71c3e28c4a5d17fae174c0b46f973e6767cc5f3ba4363d5d745a0fddd694098d_300x300.png&quot;,https://5rH8sf3XHWbNEbyj.public.blob.vercel-storage.com/thumbnail/moki_71c3e28c4a5d17fae174c0b46f973e6767cc5f3ba4363d5d745a0fddd694098d_64x64.png,Non-Champion,2,2026-02-27 07:58 UTC
201,Moki #3131,3131,6105,Forward,Legendary,349.30,314.33,14.00,242.00,250.00,&quot;https://5rH8sf3XHWbNEbyj.public.blob.vercel-storage.com/profile/moki_aba68ecca2b2962edeca5fed5c0db74a26ceef6ab47248ee650744255bfe1bfc_300x300.png&quot;,https://5rH8sf3XHWbNEbyj.public.blob.vercel-storage.com/thumbnail/moki_aba68ecca2b2962edeca5fed5c0db74a26ceef6ab47248ee650744255bfe1bfc_64x64.png,Non-Champion,3,2026-02-27 07:58 UTC
202,Moki #6151,6151,6100,Flanker,Legendary,253.00,300.79,347.31,246.00,13.00,&quot;https://5rH8sf3XHWbNEbyj.public.blob.vercel-storage.com/profile/moki_8548d1582619ff396f1271ad8534a778035fbf73ea5fdef937a4ccc3282caf37_300x300.png&quot;,https://5rH8sf3XHWbNEbyj.public.blob.vercel-storage.com/thumbnail/moki_8548d1582619ff396f1271ad8534a778035fbf73ea5fdef937a4ccc3282caf37_64x64.png,Non-Champion,3,2026-02-27 07:58 UTC
203,Moki #2394,2394,6100,Striker,Legendary,35.00,255.50,24.59,500.01,261.13,&quot;https://5rH8sf3XHWbNEbyj.public.blob.vercel-storage.com/profile/moki_4daf5c97a7730d76f1928f364b27445317680adfafdca95e30e83e65ecd0cb7c_300x300.png&quot;,https://5rH8sf3XHWbNEbyj.public.blob.vercel-storage.com/thumbnail/moki_4daf5c97a7730d76f1928f364b27445317680adfafdca95e30e83e65ecd0cb7c_64x64.png,Non-Champion,3,2026-02-27 07:58 UTC
204,Moki #2359,2359,6100,Striker,Legendary,24.00,286.25,7.00,518.03,265.69,&quot;https://5rH8sf3XHWbNEbyj.public.blob.vercel-storage.com/profile/moki_fd8e16c0ea90707ecb711713fbddc891535bf192ea8fb4e611cdda720b7ec9b8_300x300.png&quot;,https://5rH8sf3XHWbNEbyj.public.blob.vercel-storage.com/thumbnail/moki_fd8e16c0ea90707ecb711713fbddc891535bf192ea8fb4e611cdda720b7ec9b8_64x64.png,Non-Champion,3,2026-02-27 07:58 UTC
205,Moki #8760,8760,6095,Defender,Legendary,216.00,316.61,483.25,23.00,22.00,&quot;https://5rH8sf3XHWbNEbyj.public.blob.vercel-storage.com/profile/moki_8e3e06a3a212678d56cf62ea2950f77c292bb1c387ff3362a41ff62513572ed9_300x300.png&quot;,https://5rH8sf3XHWbNEbyj.public.blob.vercel-storage.com/thumbnail/moki_8e3e06a3a212678d56cf62ea2950f77c292bb1c387ff3362a41ff62513572ed9_64x64.png,Non-Champion,3,2026-02-27 07:58 UTC
206,Moki #1470,1470,6095,Anchor,Legendary,297.02,100.29,262.24,271.69,244.33,&quot;https://5rH8sf3XHWbNEbyj.public.blob.vercel-storage.com/profile/moki_8d5c36e3305e9c1142f4ccf477780e4aa6113c2db03a7d39a53448341d043dc0_300x300.png&quot;,https://5rH8sf3XHWbNEbyj.public.blob.vercel-storage.com/thumbnail/moki_8d5c36e3305e9c1142f4ccf477780e4aa6113c2db03a7d39a53448341d043dc0_64x64.png,Non-Champion,3,2026-02-27 07:58 UTC
207,Moki #6505,6505,6090,Anchor,Legendary,264.00,58.05,247.00,264.00,239.00,&quot;https://5rH8sf3XHWbNEbyj.public.blob.vercel-storage.com/profile/moki_67caebe01f08820211b1123ea7ca066b0dbf69194a1427764e304539dd542ca7_300x300.png&quot;,https://5rH8sf3XHWbNEbyj.public.blob.vercel-storage.com/thumbnail/moki_67caebe01f08820211b1123ea7ca066b0dbf69194a1427764e304539dd542ca7_64x64.png,Non-Champion,3,2026-02-27 07:58 UTC
208,Moki #5942,5942,6090,Sprinter,Legendary,11.00,419.67,355.45,225.00,22.00,&quot;https://5rH8sf3XHWbNEbyj.public.blob.vercel-storage.com/profile/moki_63f75cce4c58a8749b55ab9a220c76381bc46b2581960205f591efc2089b6962_300x300.png&quot;,https://5rH8sf3XHWbNEbyj.public.blob.vercel-storage.com/thumbnail/moki_63f75cce4c58a8749b55ab9a220c76381bc46b2581960205f591efc2089b6962_64x64.png,Non-Champion,3,2026-02-27 07:58 UTC
209,Moki #4321,4321,6090,Anchor,Legendary,260.57,49.60,242.62,270.58,277.80,&quot;https://5rH8sf3XHWbNEbyj.public.blob.vercel-storage.com/profile/moki_b31a37024d7c1de924708ba8270d98fa16258eeb837d647ba3390ae626327f45_300x300.png&quot;,https://5rH8sf3XHWbNEbyj.public.blob.vercel-storage.com/thumbnail/moki_b31a37024d7c1de924708ba8270d98fa16258eeb837d647ba3390ae626327f45_64x64.png,Non-Champion,3,2026-02-27 07:58 UTC
210,Moki #2307,2307,6090,Grinder,Legendary,223.00,17.00,21.00,227.00,412.00,&quot;https://5rH8sf3XHWbNEbyj.public.blob.vercel-storage.com/profile/moki_b30803ce20eb6ab8189aeafb3e9f96def58afb4b50fd3bf75853e95c5af47e02_300x300.png&quot;,https://5rH8sf3XHWbNEbyj.public.blob.vercel-storage.com/thumbnail/moki_b30803ce20eb6ab8189aeafb3e9f96def58afb4b50fd3bf75853e95c5af47e02_64x64.png,Non-Champion,3,2026-02-27 07:58 UTC
211,Moki #1869,1869,6085,Forward,Legendary,235.00,251.00,32.00,244.00,238.00,&quot;https://5rH8sf3XHWbNEbyj.public.blob.vercel-storage.com/profile/moki_e543ea46433aa43f8760d01edc936fe6633372614bce1b2732f9c41a38ba2e91_300x300.png&quot;,https://5rH8sf3XHWbNEbyj.public.blob.vercel-storage.com/thumbnail/moki_e543ea46433aa43f8760d01edc936fe6633372614bce1b2732f9c41a38ba2e91_64x64.png,Non-Champion,3,2026-02-27 07:58 UTC
212,Moki #1789,1789,6085,Support,Legendary,67.00,325.38,274.00,378.38,287.19,&quot;https://5rH8sf3XHWbNEbyj.public.blob.vercel-storage.com/profile/moki_937af19c0d418d20ca7c93285e9b6fd14f4f0c51ab272a9d1a7dc64628d88a31_300x300.png&quot;,https://5rH8sf3XHWbNEbyj.public.blob.vercel-storage.com/thumbnail/moki_937af19c0d418d20ca7c93285e9b6fd14f4f0c51ab272a9d1a7dc64628d88a31_64x64.png,Non-Champion,3,2026-02-27 07:58 UTC
213,Moki #5028,5028,6080,Forward,Legendary,246.00,267.08,9.00,258.27,279.07,&quot;https://5rH8sf3XHWbNEbyj.public.blob.vercel-storage.com/profile/moki_090469841f89e68ac7758aaf9d3d1dde3c4bb91be73ce318b50830b0d4093c07_300x300.png&quot;,https://5rH8sf3XHWbNEbyj.public.blob.vercel-storage.com/thumbnail/moki_090469841f89e68ac7758aaf9d3d1dde3c4bb91be73ce318b50830b0d4093c07_64x64.png,Non-Champion,3,2026-02-27 07:58 UTC
214,Moki #4952,4952,6080,Anchor,Legendary,257.41,106.86,252.68,305.84,276.09,&quot;https://5rH8sf3XHWbNEbyj.public.blob.vercel-storage.com/profile/moki_9d96f2390b8dc0272e0260056e29f577edc0c4c73a556a3d84ece95204b7fa73_300x300.png&quot;,https://5rH8sf3XHWbNEbyj.public.blob.vercel-storage.com/thumbnail/moki_9d96f2390b8dc0272e0260056e29f577edc0c4c73a556a3d84ece95204b7fa73_64x64.png,Non-Champion,3,2026-02-27 07:58 UTC
215,Moki #3149,3149,6080,Striker,Legendary,50.50,250.63,40.51,490.88,270.62,&quot;https://5rH8sf3XHWbNEbyj.public.blob.vercel-storage.com/profile/moki_763162da29346cdf22b8451f8109d42f94025b8f30b3e5ffb5a988acfbc425d3_300x300.png&quot;,https://5rH8sf3XHWbNEbyj.public.blob.vercel-storage.com/thumbnail/moki_763162da29346cdf22b8451f8109d42f94025b8f30b3e5ffb5a988acfbc425d3_64x64.png,Non-Champion,3,2026-02-27 07:58 UTC
216,Moki #1828,1828,6075,Forward,Legendary,250.00,257.00,19.00,235.00,239.00,&quot;https://5rH8sf3XHWbNEbyj.public.blob.vercel-storage.com/profile/moki_1a401702ab93059bb43b725f0f99f2f5ec8203ce2caf98f6a3560a629b0e7daf_300x300.png&quot;,https://5rH8sf3XHWbNEbyj.public.blob.vercel-storage.com/thumbnail/moki_1a401702ab93059bb43b725f0f99f2f5ec8203ce2caf98f6a3560a629b0e7daf_64x64.png,Non-Champion,3,2026-02-27 07:58 UTC
217,Moki #8683,8683,6070,Support,Legendary,17.00,356.74,249.28,249.22,309.33,&quot;https://5rH8sf3XHWbNEbyj.public.blob.vercel-storage.com/profile/moki_b7bfea4caf4958d3963dcc7e8d565bfa5fa1133ccb8033a1f695d981c76f0ed4_300x300.png&quot;,https://5rH8sf3XHWbNEbyj.public.blob.vercel-storage.com/thumbnail/moki_b7bfea4caf4958d3963dcc7e8d565bfa5fa1133ccb8033a1f695d981c76f0ed4_64x64.png,Non-Champion,3,2026-02-27 07:58 UTC
218,Lil brother,6440,6070,Striker,Legendary,55.58,318.14,12.00,469.27,237.94,&quot;https://5rH8sf3XHWbNEbyj.public.blob.vercel-storage.com/profile/moki_620f2faa1382c9deaf9c5824a10f001874b5fb738676dfca1b808d920d98adb3_300x300.png&quot;,https://5rH8sf3XHWbNEbyj.public.blob.vercel-storage.com/thumbnail/moki_620f2faa1382c9deaf9c5824a10f001874b5fb738676dfca1b808d920d98adb3_64x64.png,Non-Champion,3,2026-02-27 07:58 UTC
219,Moki #1923,1923,6070,Bruiser,Legendary,436.33,152.13,218.00,10.00,214.00,&quot;https://5rH8sf3XHWbNEbyj.public.blob.vercel-storage.com/profile/moki_59a671274ecdb0c82fd4d1ef0f6e6f537f5845c8765c015fda4365c070203acf_300x300.png&quot;,https://5rH8sf3XHWbNEbyj.public.blob.vercel-storage.com/thumbnail/moki_59a671274ecdb0c82fd4d1ef0f6e6f537f5845c8765c015fda4365c070203acf_64x64.png,Non-Champion,3,2026-02-27 07:58 UTC
220,Moki #1862,1862,6070,Forward,Legendary,326.73,345.45,11.00,257.00,262.27,&quot;https://5rH8sf3XHWbNEbyj.public.blob.vercel-storage.com/profile/moki_58448d98086b1d2cccf04a80005f73bd41f362839619089092ed931c8c5814f1_300x300.png&quot;,https://5rH8sf3XHWbNEbyj.public.blob.vercel-storage.com/thumbnail/moki_58448d98086b1d2cccf04a80005f73bd41f362839619089092ed931c8c5814f1_64x64.png,Non-Champion,3,2026-02-27 07:58 UTC
221,Moki #1084,1084,6070,Striker,Legendary,21.00,204.00,19.00,494.06,227.00,&quot;https://5rH8sf3XHWbNEbyj.public.blob.vercel-storage.com/profile/moki_466ea0500ff6a116c5a0d876fd1c3def3b6ec9be4de25439026da91d0db8bb09_300x300.png&quot;,https://5rH8sf3XHWbNEbyj.public.blob.vercel-storage.com/thumbnail/moki_466ea0500ff6a116c5a0d876fd1c3def3b6ec9be4de25439026da91d0db8bb09_64x64.png,Non-Champion,3,2026-02-27 07:58 UTC
222,Moki #8268,8268,6065,Center,Legendary,268.00,267.00,286.24,73.42,273.00,&quot;https://5rH8sf3XHWbNEbyj.public.blob.vercel-storage.com/profile/moki_16d90145983e7e72ce3790905971a5324be95a8aa5b13de78ea6580806557919_300x300.png&quot;,https://5rH8sf3XHWbNEbyj.public.blob.vercel-storage.com/thumbnail/moki_16d90145983e7e72ce3790905971a5324be95a8aa5b13de78ea6580806557919_64x64.png,Non-Champion,3,2026-02-27 07:58 UTC
223,Tofu,6253,6065,Support,Legendary,34.00,321.30,272.00,305.60,350.86,&quot;https://5rH8sf3XHWbNEbyj.public.blob.vercel-storage.com/profile/moki_f74a980b6590315e5ac38df502a13c34ffde48d4f02c9fdba4b6e036b44a74ab_300x300.png&quot;,https://5rH8sf3XHWbNEbyj.public.blob.vercel-storage.com/thumbnail/moki_f74a980b6590315e5ac38df502a13c34ffde48d4f02c9fdba4b6e036b44a74ab_64x64.png,Non-Champion,3,2026-02-27 07:58 UTC
224,Moki #1148,1148,6065,Support,Legendary,20.00,331.19,297.46,294.09,267.44,&quot;https://5rH8sf3XHWbNEbyj.public.blob.vercel-storage.com/profile/moki_c0ee8cb97210cde2e170e0ee87188893b2e4c4208e2fe3554876033e5e01481a_300x300.png&quot;,https://5rH8sf3XHWbNEbyj.public.blob.vercel-storage.com/thumbnail/moki_c0ee8cb97210cde2e170e0ee87188893b2e4c4208e2fe3554876033e5e01481a_64x64.png,Non-Champion,3,2026-02-27 07:58 UTC
225,Moki #8083,8083,6060,Bruiser,Legendary,553.30,16.00,263.50,18.00,218.00,&quot;https://5rH8sf3XHWbNEbyj.public.blob.vercel-storage.com/profile/moki_e71d4f77a0833554cc2653c8e3de103095b0b06b83ba2d8480a2dd9e39461555_300x300.png&quot;,https://5rH8sf3XHWbNEbyj.public.blob.vercel-storage.com/thumbnail/moki_e71d4f77a0833554cc2653c8e3de103095b0b06b83ba2d8480a2dd9e39461555_64x64.png,Non-Champion,3,2026-02-27 07:58 UTC
226,Moki #7222,7222,6060,Grinder,Legendary,260.32,60.97,63.26,250.90,474.32,&quot;https://5rH8sf3XHWbNEbyj.public.blob.vercel-storage.com/profile/moki_35fbe74457395ff6cab761381f61ce3b97a0f06ef1af6a3cdef6ab9fbaa3cb86_300x300.png&quot;,https://5rH8sf3XHWbNEbyj.public.blob.vercel-storage.com/thumbnail/moki_35fbe74457395ff6cab761381f61ce3b97a0f06ef1af6a3cdef6ab9fbaa3cb86_64x64.png,Non-Champion,3,2026-02-27 07:58 UTC
227,Moki #6652,6652,6060,Defender,Legendary,223.79,221.91,435.67,22.33,26.00,&quot;https://5rH8sf3XHWbNEbyj.public.blob.vercel-storage.com/profile/moki_570793aeda89cd71d21b25e1207162eaa6f083be8c51b78d5f305edab9564085_300x300.png&quot;,https://5rH8sf3XHWbNEbyj.public.blob.vercel-storage.com/thumbnail/moki_570793aeda89cd71d21b25e1207162eaa6f083be8c51b78d5f305edab9564085_64x64.png,Non-Champion,3,2026-02-27 07:58 UTC
228,Moki #5957,5957,6060,Sprinter,Legendary,15.00,448.00,233.00,232.00,22.00,&quot;https://5rH8sf3XHWbNEbyj.public.blob.vercel-storage.com/profile/moki_e005e08807ab06f38b827f9a4914ac206490e2c30999edb7334772d898579c58_300x300.png&quot;,https://5rH8sf3XHWbNEbyj.public.blob.vercel-storage.com/thumbnail/moki_e005e08807ab06f38b827f9a4914ac206490e2c30999edb7334772d898579c58_64x64.png,Non-Champion,3,2026-02-27 07:58 UTC
229,Moki #5463,5463,6060,Forward,Legendary,239.73,316.51,145.64,271.14,259.72,&quot;https://5rH8sf3XHWbNEbyj.public.blob.vercel-storage.com/profile/moki_02f45a6fdfdc3f563978337afe21f099010d8974a5050bba0dd417b371f12d0c_300x300.png&quot;,https://5rH8sf3XHWbNEbyj.public.blob.vercel-storage.com/thumbnail/moki_02f45a6fdfdc3f563978337afe21f099010d8974a5050bba0dd417b371f12d0c_64x64.png,Non-Champion,3,2026-02-27 07:58 UTC
230,Moki #5101,5101,6060,Anchor,Legendary,369.33,24.96,242.00,258.00,235.00,&quot;https://5rH8sf3XHWbNEbyj.public.blob.vercel-storage.com/profile/moki_c7a7a88038c7938d40243869bfed178f15aeb1e2b2ca8d5cd86babe405b7d43a_300x300.png&quot;,https://5rH8sf3XHWbNEbyj.public.blob.vercel-storage.com/thumbnail/moki_c7a7a88038c7938d40243869bfed178f15aeb1e2b2ca8d5cd86babe405b7d43a_64x64.png,Non-Champion,3,2026-02-27 07:58 UTC
231,Moki #259,259,6060,Bruiser,Legendary,455.07,17.00,211.00,33.00,221.00,&quot;https://5rH8sf3XHWbNEbyj.public.blob.vercel-storage.com/profile/moki_bcf184909b053b0ba192c63479c1e6045d71fca82a110a2952288c88a7509ed4_300x300.png&quot;,https://5rH8sf3XHWbNEbyj.public.blob.vercel-storage.com/thumbnail/moki_bcf184909b053b0ba192c63479c1e6045d71fca82a110a2952288c88a7509ed4_64x64.png,Non-Champion,3,2026-02-27 07:58 UTC
232,Moki #7138,7138,6055,Center,Legendary,254.98,249.00,244.00,89.59,238.00,&quot;https://5rH8sf3XHWbNEbyj.public.blob.vercel-storage.com/profile/moki_3bfd76e39b1742e5de2ea4e8a49a7815ab9e928aed9770b39710515906eb2940_300x300.png&quot;,https://5rH8sf3XHWbNEbyj.public.blob.vercel-storage.com/thumbnail/moki_3bfd76e39b1742e5de2ea4e8a49a7815ab9e928aed9770b39710515906eb2940_64x64.png,Non-Champion,3,2026-02-27 07:58 UTC
233,Moki #8860,8860,6050,,,,,,,,,https://5rH8sf3XHWbNEbyj.public.blob.vercel-storage.com/thumbnail/moki_1bf04b062bd51074ca30c1015aefb048c9e5ed6287fd42a4ba1c767d2c70436c_64x64.png,Non-Champion,3,2026-02-27 07:58 UTC
234,Lionel Moki,8270,6050,Striker,Legendary,24.00,288.50,16.00,424.00,232.64,&quot;https://5rH8sf3XHWbNEbyj.public.blob.vercel-storage.com/profile/moki_a566dc0dd64ff44dead012d1cd13d64257f9a6499f331ff7fb2e819d6dd66351_300x300.png&quot;,https://5rH8sf3XHWbNEbyj.public.blob.vercel-storage.com/thumbnail/moki_a566dc0dd64ff44dead012d1cd13d64257f9a6499f331ff7fb2e819d6dd66351_64x64.png,Non-Champion,3,2026-02-27 07:58 UTC
235,Moki #7631,7631,6050,Striker,Legendary,17.00,252.41,13.00,510.11,235.76,&quot;https://5rH8sf3XHWbNEbyj.public.blob.vercel-storage.com/profile/moki_2e3ede7ad031ef19724d9eb66d96bf0da35bf89fd59f78e03ce63c7dd1cd56a7_300x300.png&quot;,https://5rH8sf3XHWbNEbyj.public.blob.vercel-storage.com/thumbnail/moki_2e3ede7ad031ef19724d9eb66d96bf0da35bf89fd59f78e03ce63c7dd1cd56a7_64x64.png,Non-Champion,3,2026-02-27 07:58 UTC
236,Moki #6790,6790,6050,Striker,Legendary,18.00,223.00,13.00,422.00,224.00,&quot;https://5rH8sf3XHWbNEbyj.public.blob.vercel-storage.com/profile/moki_81427e212b0c140a74dff696ca91673b9b54e6be0de36270e4ede3893b92be34_300x300.png&quot;,https://5rH8sf3XHWbNEbyj.public.blob.vercel-storage.com/thumbnail/moki_81427e212b0c140a74dff696ca91673b9b54e6be0de36270e4ede3893b92be34_64x64.png,Non-Champion,3,2026-02-27 07:58 UTC
237,Lone Tobito,4578,6050,Striker,Legendary,24.00,239.62,28.00,465.05,217.00,&quot;https://5rH8sf3XHWbNEbyj.public.blob.vercel-storage.com/profile/moki_07cd0b63c4ab98793d8d6d804fdfcc31aea066edcea021039f1ccda20b2c4803_300x300.png&quot;,https://5rH8sf3XHWbNEbyj.public.blob.vercel-storage.com/thumbnail/moki_07cd0b63c4ab98793d8d6d804fdfcc31aea066edcea021039f1ccda20b2c4803_64x64.png,Non-Champion,3,2026-02-27 07:58 UTC
238,Moki #3458,3458,6050,Grinder,Legendary,221.00,70.28,24.00,328.68,443.71,&quot;https://5rH8sf3XHWbNEbyj.public.blob.vercel-storage.com/profile/moki_57eaa4f70f1548237ef07134d3d2dc339d1a4f786bf2bbf1e0832da155984875_300x300.png&quot;,https://5rH8sf3XHWbNEbyj.public.blob.vercel-storage.com/thumbnail/moki_57eaa4f70f1548237ef07134d3d2dc339d1a4f786bf2bbf1e0832da155984875_64x64.png,Non-Champion,3,2026-02-27 07:58 UTC
239,Moki #3121,3121,6050,Grinder,Legendary,216.00,45.00,19.00,237.00,435.00,&quot;https://5rH8sf3XHWbNEbyj.public.blob.vercel-storage.com/profile/moki_edd6ee6be4baa152081592bc718ce015ff174e084c3d61da4d20d35d4bb01532_300x300.png&quot;,https://5rH8sf3XHWbNEbyj.public.blob.vercel-storage.com/thumbnail/moki_edd6ee6be4baa152081592bc718ce015ff174e084c3d61da4d20d35d4bb01532_64x64.png,Non-Champion,3,2026-02-27 07:58 UTC
240,Moki #1625,1625,6050,Striker,Legendary,40.21,300.15,30.95,456.49,216.00,&quot;https://5rH8sf3XHWbNEbyj.public.blob.vercel-storage.com/profile/moki_820c9707c82f9ecb86489d8cb6f48bca11f27d6e9ab23c8891935c1b709724e9_300x300.png&quot;,https://5rH8sf3XHWbNEbyj.public.blob.vercel-storage.com/thumbnail/moki_820c9707c82f9ecb86489d8cb6f48bca11f27d6e9ab23c8891935c1b709724e9_64x64.png,Non-Champion,3,2026-02-27 07:58 UTC
241,Moki #1140,1140,6050,Center,Legendary,344.93,257.63,245.99,24.97,317.76,&quot;https://5rH8sf3XHWbNEbyj.public.blob.vercel-storage.com/profile/moki_6ea6cdab840b0559ebb41c4a1eccea890b694efc61367f47080caa36964b9637_300x300.png&quot;,https://5rH8sf3XHWbNEbyj.public.blob.vercel-storage.com/thumbnail/moki_6ea6cdab840b0559ebb41c4a1eccea890b694efc61367f47080caa36964b9637_64x64.png,Non-Champion,3,2026-02-27 07:58 UTC
242,Moki #1117,1117,6050,Striker,Legendary,88.03,291.78,53.57,452.42,228.00,&quot;https://5rH8sf3XHWbNEbyj.public.blob.vercel-storage.com/profile/moki_ede215911d3b54cfc49fc0daf16ec35fc4918f84f820b23ca4c0fe9cc4751eb9_300x300.png&quot;,https://5rH8sf3XHWbNEbyj.public.blob.vercel-storage.com/thumbnail/moki_ede215911d3b54cfc49fc0daf16ec35fc4918f84f820b23ca4c0fe9cc4751eb9_64x64.png,Non-Champion,3,2026-02-27 07:58 UTC
243,Moki #872,872,6050,Grinder,Legendary,257.66,86.50,43.00,270.00,455.00,&quot;https://5rH8sf3XHWbNEbyj.public.blob.vercel-storage.com/profile/moki_d888db34e4767f0ed6c19ef3dc1b3f67b9027a9712514fa623095fae59756ad2_300x300.png&quot;,https://5rH8sf3XHWbNEbyj.public.blob.vercel-storage.com/thumbnail/moki_d888db34e4767f0ed6c19ef3dc1b3f67b9027a9712514fa623095fae59756ad2_64x64.png,Non-Champion,3,2026-02-27 07:58 UTC
244,Fabuloso,82,6050,Center,Legendary,307.04,303.68,309.19,21.00,300.65,&quot;https://5rH8sf3XHWbNEbyj.public.blob.vercel-storage.com/profile/moki_bb3eabd15fcd365f387fa2189f54f0e75a0e2b26ceccc4c451c35f4dfb4da686_300x300.png&quot;,https://5rH8sf3XHWbNEbyj.public.blob.vercel-storage.com/thumbnail/moki_bb3eabd15fcd365f387fa2189f54f0e75a0e2b26ceccc4c451c35f4dfb4da686_64x64.png,Non-Champion,3,2026-02-27 07:58 UTC
245,Moki #8028,8028,6045,Center,Legendary,297.44,335.48,283.02,18.11,246.07,&quot;https://5rH8sf3XHWbNEbyj.public.blob.vercel-storage.com/profile/moki_88f4ed7b339a4406d598c753a31939a59ffae9dcaa4f9e5e26d0bf12503d6381_300x300.png&quot;,https://5rH8sf3XHWbNEbyj.public.blob.vercel-storage.com/thumbnail/moki_88f4ed7b339a4406d598c753a31939a59ffae9dcaa4f9e5e26d0bf12503d6381_64x64.png,Non-Champion,3,2026-02-27 07:58 UTC
246,Moki #4707,4707,6045,Defender,Legendary,234.66,302.52,517.34,19.00,45.72,&quot;https://5rH8sf3XHWbNEbyj.public.blob.vercel-storage.com/profile/moki_6eee99e7fac2115f9da674b463c6d75dc41709f9087fdfaa5e4ca0324e60d187_300x300.png&quot;,https://5rH8sf3XHWbNEbyj.public.blob.vercel-storage.com/thumbnail/moki_6eee99e7fac2115f9da674b463c6d75dc41709f9087fdfaa5e4ca0324e60d187_64x64.png,Non-Champion,3,2026-02-27 07:58 UTC
247,Moki #6281,6281,6040,Support,Legendary,14.00,351.18,257.33,247.00,240.93,&quot;https://5rH8sf3XHWbNEbyj.public.blob.vercel-storage.com/profile/moki_728b3c57290af4f36748ef3ec5999ace3ebd5109156575727ecc9608f015c2d0_300x300.png&quot;,https://5rH8sf3XHWbNEbyj.public.blob.vercel-storage.com/thumbnail/moki_728b3c57290af4f36748ef3ec5999ace3ebd5109156575727ecc9608f015c2d0_64x64.png,Non-Champion,3,2026-02-27 07:58 UTC
248,Moki #3899,3899,6040,Striker,Legendary,35.67,223.40,14.00,429.98,353.46,&quot;https://5rH8sf3XHWbNEbyj.public.blob.vercel-storage.com/profile/moki_b29978cb1f413a877f1ec11c2880f837a7f5620c77cd6f9226622eae5605b242_300x300.png&quot;,https://5rH8sf3XHWbNEbyj.public.blob.vercel-storage.com/thumbnail/moki_b29978cb1f413a877f1ec11c2880f837a7f5620c77cd6f9226622eae5605b242_64x64.png,Non-Champion,3,2026-02-27 07:58 UTC
249,Moki #2035,2035,6040,Center,Legendary,241.00,252.00,245.00,21.00,241.00,&quot;https://5rH8sf3XHWbNEbyj.public.blob.vercel-storage.com/profile/moki_10d3782733fb0b58055fd532d941195b7f12fae10e698eab1b5cb1a8e71ebe8a_300x300.png&quot;,https://5rH8sf3XHWbNEbyj.public.blob.vercel-storage.com/thumbnail/moki_10d3782733fb0b58055fd532d941195b7f12fae10e698eab1b5cb1a8e71ebe8a_64x64.png,Non-Champion,3,2026-02-27 07:58 UTC
250,Moki #1350,1350,6040,Support,Legendary,16.00,258.00,264.18,344.82,284.79,&quot;https://5rH8sf3XHWbNEbyj.public.blob.vercel-storage.com/profile/moki_a0790c79fed545d2b806d31ef9ccd9c60424062666f6259329c7fd100d56c2e3_300x300.png&quot;,https://5rH8sf3XHWbNEbyj.public.blob.vercel-storage.com/thumbnail/moki_a0790c79fed545d2b806d31ef9ccd9c60424062666f6259329c7fd100d56c2e3_64x64.png,Non-Champion,3,2026-02-27 07:58 UTC
251,Moki #383,383,6040,Forward,Legendary,247.00,244.00,11.00,258.00,240.00,&quot;https://5rH8sf3XHWbNEbyj.public.blob.vercel-storage.com/profile/moki_b08cd705eab73ddf073403cdcb0e1a5706845db440cf21736fc32ad29efb76b3_300x300.png&quot;,https://5rH8sf3XHWbNEbyj.public.blob.vercel-storage.com/thumbnail/moki_b08cd705eab73ddf073403cdcb0e1a5706845db440cf21736fc32ad29efb76b3_64x64.png,Non-Champion,3,2026-02-27 07:58 UTC
252,Moki #8281,8281,6035,Forward,Legendary,240.00,246.00,25.00,244.00,245.00,&quot;https://5rH8sf3XHWbNEbyj.public.blob.vercel-storage.com/profile/moki_c255c17f51cf94098aa90a4eb14c511ca8c948d509b669c902223635209a95bf_300x300.png&quot;,https://5rH8sf3XHWbNEbyj.public.blob.vercel-storage.com/thumbnail/moki_c255c17f51cf94098aa90a4eb14c511ca8c948d509b669c902223635209a95bf_64x64.png,Non-Champion,3,2026-02-27 07:58 UTC
253,Moki #8070,8070,6035,Support,Legendary,19.00,238.00,249.00,243.00,251.00,&quot;https://5rH8sf3XHWbNEbyj.public.blob.vercel-storage.com/profile/moki_1cfe5f380df304e6b6cefb7e680ef98bc8b744638c68efce6e9cf2d6f4a72135_300x300.png&quot;,https://5rH8sf3XHWbNEbyj.public.blob.vercel-storage.com/thumbnail/moki_1cfe5f380df304e6b6cefb7e680ef98bc8b744638c68efce6e9cf2d6f4a72135_64x64.png,Non-Champion,3,2026-02-27 07:58 UTC
254,Moki #5326,5326,6035,Flanker,Legendary,249.00,249.00,248.00,230.00,24.00,&quot;https://5rH8sf3XHWbNEbyj.public.blob.vercel-storage.com/profile/moki_76b2992515b77ee4d6a9306e799dccee39dcc006a77213120627fa18268c5112_300x300.png&quot;,https://5rH8sf3XHWbNEbyj.public.blob.vercel-storage.com/thumbnail/moki_76b2992515b77ee4d6a9306e799dccee39dcc006a77213120627fa18268c5112_64x64.png,Non-Champion,3,2026-02-27 07:58 UTC
255,Moki #6838,6838,6030,Bruiser,Legendary,522.00,17.00,219.00,11.00,243.85,&quot;https://5rH8sf3XHWbNEbyj.public.blob.vercel-storage.com/profile/moki_86f9e53f64a9d6c5f4d9d5add753067707e6b4425886f384ff793f79e8c4cb88_300x300.png&quot;,https://5rH8sf3XHWbNEbyj.public.blob.vercel-storage.com/thumbnail/moki_86f9e53f64a9d6c5f4d9d5add753067707e6b4425886f384ff793f79e8c4cb88_64x64.png,Non-Champion,3,2026-02-27 07:58 UTC
256,Moki #4864,4864,6030,Forward,Legendary,264.47,332.42,12.00,341.62,264.76,&quot;https://5rH8sf3XHWbNEbyj.public.blob.vercel-storage.com/profile/moki_f480cc1afdd491f5f9b48ae98ad7f83987fbfc828c33fe563f31805282334098_300x300.png&quot;,https://5rH8sf3XHWbNEbyj.public.blob.vercel-storage.com/thumbnail/moki_f480cc1afdd491f5f9b48ae98ad7f83987fbfc828c33fe563f31805282334098_64x64.png,Non-Champion,3,2026-02-27 07:58 UTC
257,Moki #3571,3571,6030,Bruiser,Legendary,423.00,22.00,224.00,23.00,208.00,&quot;https://5rH8sf3XHWbNEbyj.public.blob.vercel-storage.com/profile/moki_ed080d4aa4c40dfd953b6b4dd79da1f70becadd8ae82043ef1d76e13da8c2eb3_300x300.png&quot;,https://5rH8sf3XHWbNEbyj.public.blob.vercel-storage.com/thumbnail/moki_ed080d4aa4c40dfd953b6b4dd79da1f70becadd8ae82043ef1d76e13da8c2eb3_64x64.png,Non-Champion,3,2026-02-27 07:58 UTC
258,Moki #3253,3253,6030,Forward,Legendary,255.00,323.27,12.00,330.24,277.97,&quot;https://5rH8sf3XHWbNEbyj.public.blob.vercel-storage.com/profile/moki_b8775e9226a4f091e956fff4fb81d804720a64453e7dca150271077dde1af407_300x300.png&quot;,https://5rH8sf3XHWbNEbyj.public.blob.vercel-storage.com/thumbnail/moki_b8775e9226a4f091e956fff4fb81d804720a64453e7dca150271077dde1af407_64x64.png,Non-Champion,3,2026-02-27 07:58 UTC
259,Moki #375,375,6030,Striker,Legendary,37.44,252.86,6.00,437.11,226.33,&quot;https://5rH8sf3XHWbNEbyj.public.blob.vercel-storage.com/profile/moki_20b2e74bf8572d0fcaf27c95d9a7ce5299cc2e37d20922a297f2c7d5ec7cc3d7_300x300.png&quot;,https://5rH8sf3XHWbNEbyj.public.blob.vercel-storage.com/thumbnail/moki_20b2e74bf8572d0fcaf27c95d9a7ce5299cc2e37d20922a297f2c7d5ec7cc3d7_64x64.png,Non-Champion,3,2026-02-27 07:58 UTC
260,Parker,6321,6020,Sprinter,Legendary,50.15,500.38,296.41,250.59,50.20,&quot;https://5rH8sf3XHWbNEbyj.public.blob.vercel-storage.com/profile/moki_cd68f6f35d8ecf01bbc635cd65765b93ed3b291ebba198c564b76f5b4b6b5b4b_300x300.png&quot;,https://5rH8sf3XHWbNEbyj.public.blob.vercel-storage.com/thumbnail/moki_cd68f6f35d8ecf01bbc635cd65765b93ed3b291ebba198c564b76f5b4b6b5b4b_64x64.png,Non-Champion,3,2026-02-27 07:58 UTC
261,Dorado,150,6020,Defender,Legendary,234.00,346.16,500.08,39.00,50.00,&quot;https://5rH8sf3XHWbNEbyj.public.blob.vercel-storage.com/profile/moki_21ca483e132c32097d99f60bbc153103b1f01999b524eaf504b95667e4fb2826_300x300.png&quot;,https://5rH8sf3XHWbNEbyj.public.blob.vercel-storage.com/thumbnail/moki_21ca483e132c32097d99f60bbc153103b1f01999b524eaf504b95667e4fb2826_64x64.png,Non-Champion,3,2026-02-27 07:58 UTC
262,Moki #3505,3505,6010,Striker,Legendary,32.00,224.00,14.00,416.00,214.00,&quot;https://5rH8sf3XHWbNEbyj.public.blob.vercel-storage.com/profile/moki_6f775bfa5eca415ea8a0d807a0ec4f663482374151dde99adc0a91c8c300a196_300x300.png&quot;,https://5rH8sf3XHWbNEbyj.public.blob.vercel-storage.com/thumbnail/moki_6f775bfa5eca415ea8a0d807a0ec4f663482374151dde99adc0a91c8c300a196_64x64.png,Non-Champion,3,2026-02-27 07:58 UTC
263,Moki #2858,2858,6010,Flanker,Legendary,256.00,234.00,237.00,254.00,19.00,&quot;https://5rH8sf3XHWbNEbyj.public.blob.vercel-storage.com/profile/moki_78dfe4d79a5d6d961cda77df72bfa0f86a378f775521ae3fd89d4b6caee70694_300x300.png&quot;,https://5rH8sf3XHWbNEbyj.public.blob.vercel-storage.com/thumbnail/moki_78dfe4d79a5d6d961cda77df72bfa0f86a378f775521ae3fd89d4b6caee70694_64x64.png,Non-Champion,3,2026-02-27 07:58 UTC
264,Moki #1114,1114,6010,Bruiser,Legendary,502.26,33.00,233.00,15.00,225.00,&quot;https://5rH8sf3XHWbNEbyj.public.blob.vercel-storage.com/profile/moki_fafd1769aff68f8a6d0bf960aaf64640732470b90310cd439084d89d57d214f2_300x300.png&quot;,https://5rH8sf3XHWbNEbyj.public.blob.vercel-storage.com/thumbnail/moki_fafd1769aff68f8a6d0bf960aaf64640732470b90310cd439084d89d57d214f2_64x64.png,Non-Champion,3,2026-02-27 07:58 UTC
265,Moki #8778,8778,6000,Support,Legendary,31.00,293.15,331.15,265.33,264.98,&quot;https://5rH8sf3XHWbNEbyj.public.blob.vercel-storage.com/profile/moki_b0e9ffe20586d35da4b5620fc5eef15972e02549b4bf0207187913362cb9c69e_300x300.png&quot;,https://5rH8sf3XHWbNEbyj.public.blob.vercel-storage.com/thumbnail/moki_b0e9ffe20586d35da4b5620fc5eef15972e02549b4bf0207187913362cb9c69e_64x64.png,Non-Champion,3,2026-02-27 07:58 UTC
266,Popocham,7995,6000,Bruiser,Legendary,556.94,9.00,226.00,25.49,213.00,&quot;https://5rH8sf3XHWbNEbyj.public.blob.vercel-storage.com/profile/moki_8e5ac4de953cd3f06b0133ea995f0f5ebacf9995775383e234f97cbe5103d990_300x300.png&quot;,https://5rH8sf3XHWbNEbyj.public.blob.vercel-storage.com/thumbnail/moki_8e5ac4de953cd3f06b0133ea995f0f5ebacf9995775383e234f97cbe5103d990_64x64.png,Non-Champion,3,2026-02-27 07:58 UTC
267,Moki #7892,7892,6000,Striker,Legendary,45.00,260.37,36.00,552.45,240.92,&quot;https://5rH8sf3XHWbNEbyj.public.blob.vercel-storage.com/profile/moki_aec1b4f50298e83afebc97996aa7b95b9f343de14f29ea3874a016be992b9f9e_300x300.png&quot;,https://5rH8sf3XHWbNEbyj.public.blob.vercel-storage.com/thumbnail/moki_aec1b4f50298e83afebc97996aa7b95b9f343de14f29ea3874a016be992b9f9e_64x64.png,Non-Champion,3,2026-02-27 07:58 UTC
268,Moki #7793,7793,6000,Striker,Legendary,19.98,292.05,22.00,425.00,217.00,&quot;https://5rH8sf3XHWbNEbyj.public.blob.vercel-storage.com/profile/moki_40e840175559db9a9e390ddd0076cad8cea69f4f7498f509f58e476f75a012cb_300x300.png&quot;,https://5rH8sf3XHWbNEbyj.public.blob.vercel-storage.com/thumbnail/moki_40e840175559db9a9e390ddd0076cad8cea69f4f7498f509f58e476f75a012cb_64x64.png,Non-Champion,3,2026-02-27 07:58 UTC
269,Moki #6697,6697,6000,Sprinter,Legendary,44.00,567.68,255.00,273.73,73.00,&quot;https://5rH8sf3XHWbNEbyj.public.blob.vercel-storage.com/profile/moki_f9e2664369bece1e36149996cd5a5a2e27e6d984d556ac255a5f3ece384eebfc_300x300.png&quot;,https://5rH8sf3XHWbNEbyj.public.blob.vercel-storage.com/thumbnail/moki_f9e2664369bece1e36149996cd5a5a2e27e6d984d556ac255a5f3ece384eebfc_64x64.png,Non-Champion,3,2026-02-27 07:58 UTC
270,Moki #5071,5071,6000,Sprinter,Legendary,14.00,410.00,220.00,227.00,29.00,&quot;https://5rH8sf3XHWbNEbyj.public.blob.vercel-storage.com/profile/moki_81daf7a7d0c9163a53b1aea6b761279124122d900168cd06a46dd0d9e4f6cc30_300x300.png&quot;,https://5rH8sf3XHWbNEbyj.public.blob.vercel-storage.com/thumbnail/moki_81daf7a7d0c9163a53b1aea6b761279124122d900168cd06a46dd0d9e4f6cc30_64x64.png,Non-Champion,3,2026-02-27 07:58 UTC
271,Moki #3459,3459,6000,Striker,Legendary,24.00,320.61,35.30,423.00,248.41,&quot;https://5rH8sf3XHWbNEbyj.public.blob.vercel-storage.com/profile/moki_92eaec25c0d2539d378ae2dc79681377a49d5290047e20f7d841a9d86e15e48c_300x300.png&quot;,https://5rH8sf3XHWbNEbyj.public.blob.vercel-storage.com/thumbnail/moki_92eaec25c0d2539d378ae2dc79681377a49d5290047e20f7d841a9d86e15e48c_64x64.png,Non-Champion,3,2026-02-27 07:58 UTC
272,Moki #2800,2800,6000,Sprinter,Legendary,34.00,518.86,268.00,216.00,19.00,&quot;https://5rH8sf3XHWbNEbyj.public.blob.vercel-storage.com/profile/moki_ebda100f3e60d71d028457f0b1eb86ea1f66200463c803d2273ad9848521d624_300x300.png&quot;,https://5rH8sf3XHWbNEbyj.public.blob.vercel-storage.com/thumbnail/moki_ebda100f3e60d71d028457f0b1eb86ea1f66200463c803d2273ad9848521d624_64x64.png,Non-Champion,3,2026-02-27 07:58 UTC
273,Moki #1472,1472,6000,Support,Legendary,18.00,290.64,246.98,253.13,263.86,&quot;https://5rH8sf3XHWbNEbyj.public.blob.vercel-storage.com/profile/moki_05ceb4be779a34f89d22a4803dd3a4cdb49d4c7f25b91d0852bdafe241088972_300x300.png&quot;,https://5rH8sf3XHWbNEbyj.public.blob.vercel-storage.com/thumbnail/moki_05ceb4be779a34f89d22a4803dd3a4cdb49d4c7f25b91d0852bdafe241088972_64x64.png,Non-Champion,3,2026-02-27 07:58 UTC
274,Moki #1330,1330,6000,Flanker,Legendary,249.67,352.38,248.00,272.56,41.23,&quot;https://5rH8sf3XHWbNEbyj.public.blob.vercel-storage.com/profile/moki_53bdb1415b224d653a2843a2ff68902af618c9a87eb5c962440545c6b7c2762b_300x300.png&quot;,https://5rH8sf3XHWbNEbyj.public.blob.vercel-storage.com/thumbnail/moki_53bdb1415b224d653a2843a2ff68902af618c9a87eb5c962440545c6b7c2762b_64x64.png,Non-Champion,3,2026-02-27 07:58 UTC
275,Moki #1318,1318,6000,Grinder,Legendary,222.35,14.23,12.33,234.09,418.00,&quot;https://5rH8sf3XHWbNEbyj.public.blob.vercel-storage.com/profile/moki_75a20e48d63e3442c74b860436c6c6df3f17612e55de102372d2df7e6ceecddb_300x300.png&quot;,https://5rH8sf3XHWbNEbyj.public.blob.vercel-storage.com/thumbnail/moki_75a20e48d63e3442c74b860436c6c6df3f17612e55de102372d2df7e6ceecddb_64x64.png,Non-Champion,3,2026-02-27 07:58 UTC
276,Moki #5411,5411,5995,Support,Legendary,28.00,311.69,338.40,237.00,248.17,&quot;https://5rH8sf3XHWbNEbyj.public.blob.vercel-storage.com/profile/moki_e517cc33c10b7de3bbd4088094c4fa983b58e2bfad2091d258487100f9195516_300x300.png&quot;,https://5rH8sf3XHWbNEbyj.public.blob.vercel-storage.com/thumbnail/moki_e517cc33c10b7de3bbd4088094c4fa983b58e2bfad2091d258487100f9195516_64x64.png,Non-Champion,3,2026-02-27 07:58 UTC
277,Moki #4162,4162,5995,Grinder,Legendary,235.00,39.00,31.00,218.00,427.00,&quot;https://5rH8sf3XHWbNEbyj.public.blob.vercel-storage.com/profile/moki_f66f80c5cbdfd3866a1f3f2cbb0723c76e77b78b848b04461118bbb169f2b19c_300x300.png&quot;,https://5rH8sf3XHWbNEbyj.public.blob.vercel-storage.com/thumbnail/moki_f66f80c5cbdfd3866a1f3f2cbb0723c76e77b78b848b04461118bbb169f2b19c_64x64.png,Non-Champion,3,2026-02-27 07:58 UTC
278,Moki #1112,1112,5995,Support,Legendary,28.90,384.65,245.66,253.48,265.28,&quot;https://5rH8sf3XHWbNEbyj.public.blob.vercel-storage.com/profile/moki_f4de7859c134da4db945e4d7f41c908913c68554e6f3369dd6b634efab6b050d_300x300.png&quot;,https://5rH8sf3XHWbNEbyj.public.blob.vercel-storage.com/thumbnail/moki_f4de7859c134da4db945e4d7f41c908913c68554e6f3369dd6b634efab6b050d_64x64.png,Non-Champion,3,2026-02-27 07:58 UTC
279,Moki #8841,8841,5990,Sprinter,Legendary,22.00,446.25,274.40,330.11,40.04,&quot;https://5rH8sf3XHWbNEbyj.public.blob.vercel-storage.com/profile/moki_a3ee70466ef02d83e80f5a212030f957d50f90134eba9d1f4332dbe154abf72b_300x300.png&quot;,https://5rH8sf3XHWbNEbyj.public.blob.vercel-storage.com/thumbnail/moki_a3ee70466ef02d83e80f5a212030f957d50f90134eba9d1f4332dbe154abf72b_64x64.png,Non-Champion,3,2026-02-27 07:58 UTC
280,Moki #5195,5195,5990,Anchor,Legendary,242.00,27.00,241.00,245.00,245.00,&quot;https://5rH8sf3XHWbNEbyj.public.blob.vercel-storage.com/profile/moki_2bfd5ebd90e8eceaba615bcb0bbb649cac3cc577f1e5a756c4f45d55818bcc50_300x300.png&quot;,https://5rH8sf3XHWbNEbyj.public.blob.vercel-storage.com/thumbnail/moki_2bfd5ebd90e8eceaba615bcb0bbb649cac3cc577f1e5a756c4f45d55818bcc50_64x64.png,Non-Champion,3,2026-02-27 07:58 UTC
281,Moki #932,932,5990,Center,Legendary,228.00,242.00,247.00,28.00,255.00,&quot;https://5rH8sf3XHWbNEbyj.public.blob.vercel-storage.com/profile/moki_7f3e50b502b8aab2dfb406183de3fc8ceedea0d200259d0616a5306cba315e2b_300x300.png&quot;,https://5rH8sf3XHWbNEbyj.public.blob.vercel-storage.com/thumbnail/moki_7f3e50b502b8aab2dfb406183de3fc8ceedea0d200259d0616a5306cba315e2b_64x64.png,Non-Champion,3,2026-02-27 07:58 UTC
282,Moki #672,672,5990,Striker,Legendary,37.00,302.31,19.00,522.11,271.00,&quot;https://5rH8sf3XHWbNEbyj.public.blob.vercel-storage.com/profile/moki_137a3f83508f953dff4bbdbb177064a9b14990bb94dac8d46c1e364214cc058a_300x300.png&quot;,https://5rH8sf3XHWbNEbyj.public.blob.vercel-storage.com/thumbnail/moki_137a3f83508f953dff4bbdbb177064a9b14990bb94dac8d46c1e364214cc058a_64x64.png,Non-Champion,3,2026-02-27 07:58 UTC
283,Moki #7109,7109,5985,Forward,Legendary,247.94,257.74,29.40,248.88,248.00,&quot;https://5rH8sf3XHWbNEbyj.public.blob.vercel-storage.com/profile/moki_fed7e0a533f84a9a03703e34f1fac9417181bc551cdce03306289538c020d7e8_300x300.png&quot;,https://5rH8sf3XHWbNEbyj.public.blob.vercel-storage.com/thumbnail/moki_fed7e0a533f84a9a03703e34f1fac9417181bc551cdce03306289538c020d7e8_64x64.png,Non-Champion,3,2026-02-27 07:58 UTC
284,Moki #6669,6669,5985,Support,Legendary,26.00,233.00,246.00,250.00,245.00,&quot;https://5rH8sf3XHWbNEbyj.public.blob.vercel-storage.com/profile/moki_354f3b2eae7eac680c50944dfb5e73e71135532e5fb40620c781c1131cf364d0_300x300.png&quot;,https://5rH8sf3XHWbNEbyj.public.blob.vercel-storage.com/thumbnail/moki_354f3b2eae7eac680c50944dfb5e73e71135532e5fb40620c781c1131cf364d0_64x64.png,Non-Champion,3,2026-02-27 07:58 UTC
285,Moki #5546,5546,5985,Defender,Legendary,217.00,228.00,416.00,32.00,7.00,&quot;https://5rH8sf3XHWbNEbyj.public.blob.vercel-storage.com/profile/moki_523d201c1aabd82bab9d0f34a6c5a758d4a00c27994e6f35a966f13c06310a16_300x300.png&quot;,https://5rH8sf3XHWbNEbyj.public.blob.vercel-storage.com/thumbnail/moki_523d201c1aabd82bab9d0f34a6c5a758d4a00c27994e6f35a966f13c06310a16_64x64.png,Non-Champion,3,2026-02-27 07:58 UTC
286,Moki #5762,5762,5980,Grinder,Legendary,228.00,21.00,24.00,207.00,422.65,&quot;https://5rH8sf3XHWbNEbyj.public.blob.vercel-storage.com/profile/moki_813af117527163ae3d8b4f5549d429903a0d3ff1b51d8517f33c87a377aa30e1_300x300.png&quot;,https://5rH8sf3XHWbNEbyj.public.blob.vercel-storage.com/thumbnail/moki_813af117527163ae3d8b4f5549d429903a0d3ff1b51d8517f33c87a377aa30e1_64x64.png,Non-Champion,3,2026-02-27 07:58 UTC
287,Moki #4175,4175,5980,Bruiser,Legendary,407.00,2.00,226.00,20.00,245.00,&quot;https://5rH8sf3XHWbNEbyj.public.blob.vercel-storage.com/profile/moki_63f42d1d16364a5939729fb524a395d3d76b3f7b83697bdb71f7271b61aa6e6c_300x300.png&quot;,https://5rH8sf3XHWbNEbyj.public.blob.vercel-storage.com/thumbnail/moki_63f42d1d16364a5939729fb524a395d3d76b3f7b83697bdb71f7271b61aa6e6c_64x64.png,Non-Champion,3,2026-02-27 07:58 UTC
288,Edu Maid,2595,5975,Grinder,Legendary,255.50,27.00,18.00,212.00,483.45,&quot;https://5rH8sf3XHWbNEbyj.public.blob.vercel-storage.com/profile/moki_036bb8f2d5773c1bc2282aba50630cbfc61d6c27bf45988e7d29f01f0e38bf51_300x300.png&quot;,https://5rH8sf3XHWbNEbyj.public.blob.vercel-storage.com/thumbnail/moki_036bb8f2d5773c1bc2282aba50630cbfc61d6c27bf45988e7d29f01f0e38bf51_64x64.png,Non-Champion,3,2026-02-27 07:58 UTC
289,Moki #1546,1546,5975,Center,Legendary,242.00,251.00,238.00,37.00,232.00,&quot;https://5rH8sf3XHWbNEbyj.public.blob.vercel-storage.com/profile/moki_f7909ef553cd256fbecbd6fefe9d7663d419ecff115889ff5f084f33fe224f3a_300x300.png&quot;,https://5rH8sf3XHWbNEbyj.public.blob.vercel-storage.com/thumbnail/moki_f7909ef553cd256fbecbd6fefe9d7663d419ecff115889ff5f084f33fe224f3a_64x64.png,Non-Champion,3,2026-02-27 07:58 UTC
290,Moki #1408,1408,5975,Forward,Legendary,243.00,264.00,12.33,232.00,249.00,&quot;https://5rH8sf3XHWbNEbyj.public.blob.vercel-storage.com/profile/moki_2eccf3ea06caee02e569b1c975d791c8e9ab2426d15e5f5be723081f80528020_300x300.png&quot;,https://5rH8sf3XHWbNEbyj.public.blob.vercel-storage.com/thumbnail/moki_2eccf3ea06caee02e569b1c975d791c8e9ab2426d15e5f5be723081f80528020_64x64.png,Non-Champion,3,2026-02-27 07:58 UTC
291,Moki #7788,7788,5970,Sprinter,Legendary,6.00,517.64,331.74,216.00,27.00,&quot;https://5rH8sf3XHWbNEbyj.public.blob.vercel-storage.com/profile/moki_e10017c43374408f49ee0ba67b4b5572b03a4a29f9fb49b0e9817f8bcf446cd0_300x300.png&quot;,https://5rH8sf3XHWbNEbyj.public.blob.vercel-storage.com/thumbnail/moki_e10017c43374408f49ee0ba67b4b5572b03a4a29f9fb49b0e9817f8bcf446cd0_64x64.png,Non-Champion,3,2026-02-27 07:58 UTC
292,Moki #6248,6248,5970,Grinder,Legendary,229.00,17.00,23.00,217.00,414.00,&quot;https://5rH8sf3XHWbNEbyj.public.blob.vercel-storage.com/profile/moki_9ab930aade4883ab2fcf2494e4f5ddffa7b7a9d93f9ae1dfc395670c3aaf55e8_300x300.png&quot;,https://5rH8sf3XHWbNEbyj.public.blob.vercel-storage.com/thumbnail/moki_9ab930aade4883ab2fcf2494e4f5ddffa7b7a9d93f9ae1dfc395670c3aaf55e8_64x64.png,Non-Champion,3,2026-02-27 07:58 UTC
293,Moki #3442,3442,5970,Flanker,Legendary,250.00,262.73,248.00,237.00,11.00,&quot;https://5rH8sf3XHWbNEbyj.public.blob.vercel-storage.com/profile/moki_542bc7fc94660fd20f6706f94993e9fd112736cfb1bf99d394924cf6bf886ec0_300x300.png&quot;,https://5rH8sf3XHWbNEbyj.public.blob.vercel-storage.com/thumbnail/moki_542bc7fc94660fd20f6706f94993e9fd112736cfb1bf99d394924cf6bf886ec0_64x64.png,Non-Champion,3,2026-02-27 07:58 UTC
294,Moki #8876,8876,5965,Forward,Legendary,277.71,303.26,40.30,249.00,238.00,&quot;https://5rH8sf3XHWbNEbyj.public.blob.vercel-storage.com/profile/moki_cd987a46a22ee1c53c02bd68b9fd42b810ec6c8806d108061ef24d758de89313_300x300.png&quot;,https://5rH8sf3XHWbNEbyj.public.blob.vercel-storage.com/thumbnail/moki_cd987a46a22ee1c53c02bd68b9fd42b810ec6c8806d108061ef24d758de89313_64x64.png,Non-Champion,3,2026-02-27 07:58 UTC
295,Moki #5151,5151,5965,Sprinter,Legendary,26.00,565.88,221.33,216.00,24.63,&quot;https://5rH8sf3XHWbNEbyj.public.blob.vercel-storage.com/profile/moki_98ad884badb095930182480a884fe4fd6093226fb3a2a5eb6c6161c3b5ffb71c_300x300.png&quot;,https://5rH8sf3XHWbNEbyj.public.blob.vercel-storage.com/thumbnail/moki_98ad884badb095930182480a884fe4fd6093226fb3a2a5eb6c6161c3b5ffb71c_64x64.png,Non-Champion,3,2026-02-27 07:58 UTC
296,Moki #4922,4922,5965,Anchor,Legendary,284.09,52.57,279.37,285.50,284.72,&quot;https://5rH8sf3XHWbNEbyj.public.blob.vercel-storage.com/profile/moki_55f84a2fcb07a1af362b31f3c0fb51b412b99f7cadb0d479c74e00f9d828687e_300x300.png&quot;,https://5rH8sf3XHWbNEbyj.public.blob.vercel-storage.com/thumbnail/moki_55f84a2fcb07a1af362b31f3c0fb51b412b99f7cadb0d479c74e00f9d828687e_64x64.png,Non-Champion,3,2026-02-27 07:58 UTC
297,Moki #2844,2844,5965,Anchor,Legendary,254.00,23.00,240.00,244.00,239.00,&quot;https://5rH8sf3XHWbNEbyj.public.blob.vercel-storage.com/profile/moki_ea981eec03e8b9be1d1e4e70137d98d8f9c2172ca2302e5ca873cd77de78aa39_300x300.png&quot;,https://5rH8sf3XHWbNEbyj.public.blob.vercel-storage.com/thumbnail/moki_ea981eec03e8b9be1d1e4e70137d98d8f9c2172ca2302e5ca873cd77de78aa39_64x64.png,Non-Champion,3,2026-02-27 07:58 UTC
298,Moki #7826,7826,5960,Forward,Legendary,275.21,275.00,120.10,275.00,275.00,&quot;https://5rH8sf3XHWbNEbyj.public.blob.vercel-storage.com/profile/moki_39458573fcff79eb5fc39e4f9a2a2b056f3d84546c1de8c9449789ebe0f10946_300x300.png&quot;,https://5rH8sf3XHWbNEbyj.public.blob.vercel-storage.com/thumbnail/moki_39458573fcff79eb5fc39e4f9a2a2b056f3d84546c1de8c9449789ebe0f10946_64x64.png,Non-Champion,3,2026-02-27 07:58 UTC
299,Moki #6974,6974,5960,Center,Legendary,301.27,269.27,302.61,16.00,267.66,&quot;https://5rH8sf3XHWbNEbyj.public.blob.vercel-storage.com/profile/moki_68f330110094bab800cc7043580f956dca28a14a9c952eda21ed600eb3e457d7_300x300.png&quot;,https://5rH8sf3XHWbNEbyj.public.blob.vercel-storage.com/thumbnail/moki_68f330110094bab800cc7043580f956dca28a14a9c952eda21ed600eb3e457d7_64x64.png,Non-Champion,3,2026-02-27 07:58 UTC
300,Moki #6946,6946,5960,,,,,,,,,https://5rH8sf3XHWbNEbyj.public.blob.vercel-storage.com/thumbnail/moki_a879c0f5c2589107064d5e602361f715541d0a0229e191ab6fbc89ea2700983d_64x64.png,Non-Champion,3,2026-02-27 07:58 UTC
